sample_1,sample_2,ID_sample_1,ID_sample_2,label
BKB12_149,BKB12_64,BKB,BKB,1.0
BKB12_158,RBB13_80,BKB,RBB,0.0
LPL11_102,RBB11_161,LPL,RBB,0.0
LPL11_208,RBB11_1,LPL,RBB,0.0
RBB13_162,RBB13_350,RBB,RBB,1.0
RBB13_25,RBB11_4,RBB,RBB,1.0
RBB13_185,RBB13_286,RBB,RBB,1.0
BKB12_360,RBB13_350,BKB,RBB,0.0
RBB11_191,RBB11_150,RBB,RBB,1.0
RBB11_296,RBB11_141,RBB,RBB,1.0
RBB11_342,RBB11_125,RBB,RBB,1.0
BKB12_313,RBB13_77,BKB,RBB,0.0
LPL11_43,LPL11_343,LPL,LPL,1.0
RBB13_184,BKB12_185,RBB,BKB,0.0
RBB11_304,RBB13_337,RBB,RBB,1.0
RBB13_85,LPL11_5,RBB,LPL,0.0
LPL11_268,LPL11_7,LPL,LPL,1.0
BKB12_190,RBB11_156,BKB,RBB,0.0
RBB13_21,RBB13_338,RBB,RBB,1.0
RBB13_159,RBB13_349,RBB,RBB,1.0
LPL11_258,RBB11_169,LPL,RBB,0.0
LPL11_125,RBB13_166,LPL,RBB,0.0
BKB12_66,RBB11_215,BKB,RBB,0.0
BKB12_200,RBB13_305,BKB,RBB,0.0
RBB11_216,LPL11_219,RBB,LPL,0.0
BKB12_353,BKB12_99,BKB,BKB,1.0
LPL11_85,RBB13_354,LPL,RBB,0.0
BKB12_149,RBB11_70,BKB,RBB,0.0
LPL11_294,LPL11_370,LPL,LPL,1.0
RBB11_23,BKB12_127,RBB,BKB,0.0
RBB11_259,RBB13_253,RBB,RBB,1.0
RBB13_289,LPL11_193,RBB,LPL,0.0
BKB12_314,BKB12_19,BKB,BKB,1.0
LPL11_180,LPL11_155,LPL,LPL,1.0
LPL11_291,LPL11_44,LPL,LPL,1.0
RBB13_217,LPL11_66,RBB,LPL,0.0
RBB11_210,BKB12_196,RBB,BKB,0.0
RBB11_145,LPL11_328,RBB,LPL,0.0
BKB12_207,BKB12_168,BKB,BKB,1.0
LPL11_326,RBB13_133,LPL,RBB,0.0
LPL11_116,RBB11_69,LPL,RBB,0.0
LPL11_217,RBB11_290,LPL,RBB,0.0
LPL11_356,LPL11_105,LPL,LPL,1.0
RBB11_158,RBB13_187,RBB,RBB,1.0
RBB13_306,RBB11_57,RBB,RBB,1.0
BKB12_99,RBB11_125,BKB,RBB,0.0
BKB12_187,RBB13_325,BKB,RBB,0.0
RBB13_103,LPL11_271,RBB,LPL,0.0
BKB12_243,RBB11_258,BKB,RBB,0.0
RBB13_272,BKB12_27,RBB,BKB,0.0
RBB13_81,RBB13_98,RBB,RBB,1.0
LPL11_3,RBB11_151,LPL,RBB,0.0
BKB12_350,RBB13_186,BKB,RBB,0.0
LPL11_317,LPL11_230,LPL,LPL,1.0
RBB13_300,BKB12_208,RBB,BKB,0.0
BKB12_5,BKB12_346,BKB,BKB,1.0
BKB12_2,RBB11_31,BKB,RBB,0.0
LPL11_372,RBB11_85,LPL,RBB,0.0
BKB12_190,BKB12_4,BKB,BKB,1.0
BKB12_196,BKB12_268,BKB,BKB,1.0
LPL11_311,LPL11_317,LPL,LPL,1.0
RBB11_125,LPL11_31,RBB,LPL,0.0
RBB13_124,LPL11_356,RBB,LPL,0.0
RBB11_70,RBB11_147,RBB,RBB,1.0
LPL11_344,RBB13_292,LPL,RBB,0.0
BKB12_142,RBB13_4,BKB,RBB,0.0
BKB12_345,RBB11_77,BKB,RBB,0.0
RBB11_178,RBB13_279,RBB,RBB,1.0
RBB11_299,LPL11_88,RBB,LPL,0.0
RBB11_284,BKB12_300,RBB,BKB,0.0
LPL11_76,LPL11_28,LPL,LPL,1.0
LPL11_16,LPL11_294,LPL,LPL,1.0
RBB13_167,RBB11_282,RBB,RBB,1.0
BKB12_13,BKB12_321,BKB,BKB,1.0
LPL11_60,RBB11_150,LPL,RBB,0.0
LPL11_170,RBB13_338,LPL,RBB,0.0
BKB12_191,BKB12_150,BKB,BKB,1.0
LPL11_98,RBB11_287,LPL,RBB,0.0
RBB13_222,RBB13_289,RBB,RBB,1.0
BKB12_232,BKB12_357,BKB,BKB,1.0
LPL11_193,LPL11_308,LPL,LPL,1.0
RBB13_223,LPL11_322,RBB,LPL,0.0
RBB11_76,RBB11_183,RBB,RBB,1.0
BKB12_300,BKB12_54,BKB,BKB,1.0
LPL11_30,RBB13_225,LPL,RBB,0.0
RBB11_128,RBB13_221,RBB,RBB,1.0
BKB12_223,RBB13_337,BKB,RBB,0.0
RBB13_123,RBB11_204,RBB,RBB,1.0
RBB13_199,LPL11_372,RBB,LPL,0.0
BKB12_229,RBB13_311,BKB,RBB,0.0
RBB13_144,BKB12_304,RBB,BKB,0.0
RBB13_339,LPL11_383,RBB,LPL,0.0
RBB13_34,RBB11_158,RBB,RBB,1.0
RBB13_45,LPL11_129,RBB,LPL,0.0
RBB11_345,RBB13_236,RBB,RBB,1.0
LPL11_292,RBB13_356,LPL,RBB,0.0
RBB13_194,RBB11_248,RBB,RBB,1.0
RBB13_142,RBB13_121,RBB,RBB,1.0
LPL11_68,RBB13_322,LPL,RBB,0.0
RBB11_302,RBB13_184,RBB,RBB,1.0
BKB12_270,LPL11_118,BKB,LPL,0.0
LPL11_160,LPL11_306,LPL,LPL,1.0
LPL11_156,LPL11_275,LPL,LPL,1.0
RBB13_304,RBB13_292,RBB,RBB,1.0
RBB11_264,BKB12_314,RBB,BKB,0.0
RBB13_262,RBB11_138,RBB,RBB,1.0
RBB13_268,RBB11_235,RBB,RBB,1.0
RBB11_333,RBB13_331,RBB,RBB,1.0
RBB11_348,LPL11_227,RBB,LPL,0.0
LPL11_183,RBB13_30,LPL,RBB,0.0
RBB13_82,RBB11_346,RBB,RBB,1.0
RBB13_104,RBB13_358,RBB,RBB,1.0
RBB11_165,RBB13_311,RBB,RBB,1.0
BKB12_174,RBB11_38,BKB,RBB,0.0
LPL11_129,RBB13_335,LPL,RBB,0.0
RBB11_258,RBB13_264,RBB,RBB,1.0
RBB13_277,LPL11_270,RBB,LPL,0.0
BKB12_165,RBB13_299,BKB,RBB,0.0
RBB13_198,RBB13_7,RBB,RBB,1.0
LPL11_187,LPL11_13,LPL,LPL,1.0
RBB11_230,BKB12_294,RBB,BKB,0.0
RBB11_274,RBB11_342,RBB,RBB,1.0
BKB12_315,RBB13_142,BKB,RBB,0.0
RBB11_252,LPL11_213,RBB,LPL,0.0
BKB12_203,BKB12_360,BKB,BKB,1.0
RBB13_226,LPL11_85,RBB,LPL,0.0
RBB13_76,BKB12_54,RBB,BKB,0.0
LPL11_380,LPL11_310,LPL,LPL,1.0
RBB13_307,BKB12_285,RBB,BKB,0.0
BKB12_224,BKB12_115,BKB,BKB,1.0
LPL11_221,RBB13_102,LPL,RBB,0.0
BKB12_365,BKB12_139,BKB,BKB,1.0
RBB11_24,BKB12_174,RBB,BKB,0.0
RBB13_244,BKB12_12,RBB,BKB,0.0
RBB13_110,RBB13_25,RBB,RBB,1.0
BKB12_250,BKB12_118,BKB,BKB,1.0
LPL11_128,RBB11_202,LPL,RBB,0.0
RBB11_197,LPL11_49,RBB,LPL,0.0
LPL11_122,RBB11_319,LPL,RBB,0.0
RBB11_323,BKB12_252,RBB,BKB,0.0
LPL11_324,LPL11_213,LPL,LPL,1.0
RBB13_337,LPL11_26,RBB,LPL,0.0
LPL11_284,LPL11_77,LPL,LPL,1.0
BKB12_277,BKB12_8,BKB,BKB,1.0
RBB11_62,RBB13_209,RBB,RBB,1.0
BKB12_238,BKB12_138,BKB,BKB,1.0
BKB12_73,RBB13_187,BKB,RBB,0.0
LPL11_94,LPL11_128,LPL,LPL,1.0
LPL11_259,RBB11_24,LPL,RBB,0.0
LPL11_185,RBB13_289,LPL,RBB,0.0
BKB12_9,RBB11_182,BKB,RBB,0.0
LPL11_149,LPL11_356,LPL,LPL,1.0
LPL11_96,RBB13_29,LPL,RBB,0.0
RBB11_85,BKB12_257,RBB,BKB,0.0
BKB12_178,RBB13_119,BKB,RBB,0.0
RBB13_338,BKB12_222,RBB,BKB,0.0
LPL11_18,RBB11_220,LPL,RBB,0.0
RBB11_255,RBB13_122,RBB,RBB,1.0
RBB13_236,LPL11_119,RBB,LPL,0.0
LPL11_314,RBB11_294,LPL,RBB,0.0
BKB12_340,BKB12_238,BKB,BKB,1.0
LPL11_131,LPL11_98,LPL,LPL,1.0
LPL11_98,LPL11_31,LPL,LPL,1.0
BKB12_91,BKB12_12,BKB,BKB,1.0
LPL11_242,RBB13_6,LPL,RBB,0.0
LPL11_309,BKB12_52,LPL,BKB,0.0
RBB11_219,LPL11_53,RBB,LPL,0.0
RBB11_84,RBB11_260,RBB,RBB,1.0
RBB11_280,BKB12_94,RBB,BKB,0.0
BKB12_304,BKB12_136,BKB,BKB,1.0
RBB13_99,RBB11_124,RBB,RBB,1.0
BKB12_343,BKB12_237,BKB,BKB,1.0
BKB12_29,RBB13_16,BKB,RBB,0.0
LPL11_87,LPL11_242,LPL,LPL,1.0
LPL11_343,LPL11_291,LPL,LPL,1.0
RBB11_150,RBB11_347,RBB,RBB,1.0
BKB12_241,BKB12_78,BKB,BKB,1.0
LPL11_250,LPL11_261,LPL,LPL,1.0
LPL11_224,RBB13_146,LPL,RBB,0.0
LPL11_265,LPL11_212,LPL,LPL,1.0
RBB13_327,RBB11_65,RBB,RBB,1.0
RBB11_329,RBB11_128,RBB,RBB,1.0
BKB12_101,BKB12_127,BKB,BKB,1.0
RBB13_354,RBB11_223,RBB,RBB,1.0
BKB12_256,BKB12_243,BKB,BKB,1.0
RBB11_267,LPL11_185,RBB,LPL,0.0
LPL11_230,RBB13_318,LPL,RBB,0.0
BKB12_123,BKB12_270,BKB,BKB,1.0
BKB12_307,BKB12_316,BKB,BKB,1.0
BKB12_245,BKB12_102,BKB,BKB,1.0
LPL11_373,LPL11_322,LPL,LPL,1.0
RBB11_316,RBB11_326,RBB,RBB,1.0
LPL11_335,LPL11_278,LPL,LPL,1.0
LPL11_201,BKB12_24,LPL,BKB,0.0
BKB12_54,BKB12_230,BKB,BKB,1.0
BKB12_120,RBB11_313,BKB,RBB,0.0
BKB12_285,BKB12_301,BKB,BKB,1.0
RBB13_217,RBB13_326,RBB,RBB,1.0
BKB12_18,BKB12_44,BKB,BKB,1.0
LPL11_56,RBB13_175,LPL,RBB,0.0
RBB11_252,RBB11_327,RBB,RBB,1.0
BKB12_120,BKB12_7,BKB,BKB,1.0
BKB12_181,BKB12_129,BKB,BKB,1.0
LPL11_378,RBB11_259,LPL,RBB,0.0
RBB11_38,LPL11_108,RBB,LPL,0.0
LPL11_156,RBB13_329,LPL,RBB,0.0
RBB11_221,RBB13_18,RBB,RBB,1.0
LPL11_304,RBB11_340,LPL,RBB,0.0
LPL11_348,LPL11_47,LPL,LPL,1.0
LPL11_127,RBB11_42,LPL,RBB,0.0
LPL11_310,RBB13_170,LPL,RBB,0.0
BKB12_78,BKB12_58,BKB,BKB,1.0
BKB12_44,RBB11_342,BKB,RBB,0.0
LPL11_63,RBB11_105,LPL,RBB,0.0
RBB13_129,RBB11_48,RBB,RBB,1.0
RBB13_356,RBB11_344,RBB,RBB,1.0
RBB11_99,LPL11_377,RBB,LPL,0.0
RBB11_257,RBB13_339,RBB,RBB,1.0
RBB11_263,RBB13_316,RBB,RBB,1.0
RBB11_223,RBB11_182,RBB,RBB,1.0
BKB12_303,LPL11_98,BKB,LPL,0.0
LPL11_141,RBB11_230,LPL,RBB,0.0
BKB12_267,BKB12_225,BKB,BKB,1.0
BKB12_52,BKB12_145,BKB,BKB,1.0
RBB13_75,RBB11_74,RBB,RBB,1.0
RBB13_304,LPL11_170,RBB,LPL,0.0
RBB11_68,BKB12_268,RBB,BKB,0.0
RBB11_182,RBB13_133,RBB,RBB,1.0
BKB12_357,RBB11_107,BKB,RBB,0.0
RBB11_132,BKB12_7,RBB,BKB,0.0
RBB11_202,RBB13_172,RBB,RBB,1.0
RBB11_213,BKB12_200,RBB,BKB,0.0
RBB11_7,RBB13_277,RBB,RBB,1.0
BKB12_168,BKB12_79,BKB,BKB,1.0
RBB13_119,RBB13_169,RBB,RBB,1.0
RBB13_94,RBB13_309,RBB,RBB,1.0
RBB13_138,RBB11_156,RBB,RBB,1.0
RBB13_23,LPL11_80,RBB,LPL,0.0
BKB12_159,RBB13_185,BKB,RBB,0.0
RBB13_330,BKB12_255,RBB,BKB,0.0
BKB12_203,RBB11_149,BKB,RBB,0.0
RBB13_68,BKB12_70,RBB,BKB,0.0
BKB12_180,BKB12_187,BKB,BKB,1.0
RBB11_16,RBB11_258,RBB,RBB,1.0
RBB11_61,RBB11_345,RBB,RBB,1.0
BKB12_317,RBB11_115,BKB,RBB,0.0
BKB12_294,RBB13_139,BKB,RBB,0.0
LPL11_102,LPL11_11,LPL,LPL,1.0
RBB11_287,RBB11_14,RBB,RBB,1.0
BKB12_369,RBB13_237,BKB,RBB,0.0
RBB11_151,LPL11_198,RBB,LPL,0.0
BKB12_288,BKB12_253,BKB,BKB,1.0
BKB12_342,BKB12_267,BKB,BKB,1.0
RBB13_335,LPL11_44,RBB,LPL,0.0
BKB12_197,BKB12_147,BKB,BKB,1.0
RBB13_349,RBB11_328,RBB,RBB,1.0
BKB12_290,BKB12_277,BKB,BKB,1.0
LPL11_11,RBB13_32,LPL,RBB,0.0
RBB11_317,BKB12_91,RBB,BKB,0.0
RBB11_327,RBB13_164,RBB,RBB,1.0
LPL11_217,LPL11_178,LPL,LPL,1.0
RBB11_248,BKB12_342,RBB,BKB,0.0
BKB12_126,BKB12_142,BKB,BKB,1.0
RBB11_282,RBB11_98,RBB,RBB,1.0
RBB11_40,BKB12_353,RBB,BKB,0.0
RBB11_285,RBB11_36,RBB,RBB,1.0
BKB12_337,RBB11_14,BKB,RBB,0.0
BKB12_193,RBB13_245,BKB,RBB,0.0
RBB13_136,BKB12_309,RBB,BKB,0.0
RBB13_284,BKB12_80,RBB,BKB,0.0
BKB12_30,BKB12_265,BKB,BKB,1.0
BKB12_52,RBB13_267,BKB,RBB,0.0
LPL11_157,LPL11_191,LPL,LPL,1.0
LPL11_64,LPL11_15,LPL,LPL,1.0
RBB13_352,RBB13_29,RBB,RBB,1.0
LPL11_366,RBB13_341,LPL,RBB,0.0
RBB11_222,RBB11_270,RBB,RBB,1.0
BKB12_133,RBB13_50,BKB,RBB,0.0
RBB13_80,RBB13_198,RBB,RBB,1.0
LPL11_28,RBB11_124,LPL,RBB,0.0
BKB12_252,RBB13_330,BKB,RBB,0.0
RBB11_284,RBB11_211,RBB,RBB,1.0
LPL11_34,BKB12_322,LPL,BKB,0.0
BKB12_115,RBB13_97,BKB,RBB,0.0
BKB12_2,BKB12_365,BKB,BKB,1.0
BKB12_78,RBB11_253,BKB,RBB,0.0
RBB11_114,BKB12_121,RBB,BKB,0.0
RBB11_222,LPL11_93,RBB,LPL,0.0
RBB13_329,RBB13_136,RBB,RBB,1.0
RBB11_208,LPL11_284,RBB,LPL,0.0
RBB11_268,RBB13_333,RBB,RBB,1.0
RBB11_260,RBB13_128,RBB,RBB,1.0
RBB11_302,LPL11_87,RBB,LPL,0.0
RBB11_16,BKB12_104,RBB,BKB,0.0
RBB13_327,LPL11_238,RBB,LPL,0.0
RBB13_89,LPL11_90,RBB,LPL,0.0
BKB12_355,BKB12_180,BKB,BKB,1.0
RBB11_253,LPL11_155,RBB,LPL,0.0
LPL11_28,LPL11_29,LPL,LPL,1.0
RBB11_8,LPL11_255,RBB,LPL,0.0
BKB12_137,RBB11_213,BKB,RBB,0.0
RBB13_30,BKB12_295,RBB,BKB,0.0
LPL11_142,LPL11_241,LPL,LPL,1.0
RBB13_98,RBB11_137,RBB,RBB,1.0
RBB11_267,RBB11_38,RBB,RBB,1.0
BKB12_16,BKB12_2,BKB,BKB,1.0
LPL11_53,LPL11_204,LPL,LPL,1.0
RBB11_245,LPL11_107,RBB,LPL,0.0
RBB11_168,RBB11_99,RBB,RBB,1.0
BKB12_322,RBB11_344,BKB,RBB,0.0
LPL11_15,RBB11_243,LPL,RBB,0.0
RBB13_145,RBB13_40,RBB,RBB,1.0
BKB12_8,RBB13_95,BKB,RBB,0.0
RBB13_312,RBB13_250,RBB,RBB,1.0
RBB11_215,LPL11_187,RBB,LPL,0.0
RBB13_9,RBB11_139,RBB,RBB,1.0
BKB12_319,BKB12_233,BKB,BKB,1.0
BKB12_225,RBB13_332,BKB,RBB,0.0
LPL11_294,RBB11_22,LPL,RBB,0.0
RBB13_245,RBB13_33,RBB,RBB,1.0
BKB12_35,BKB12_318,BKB,BKB,1.0
RBB11_28,LPL11_103,RBB,LPL,0.0
LPL11_168,RBB11_346,LPL,RBB,0.0
BKB12_237,RBB13_83,BKB,RBB,0.0
RBB11_294,RBB13_129,RBB,RBB,1.0
BKB12_139,RBB13_312,BKB,RBB,0.0
LPL11_298,RBB11_25,LPL,RBB,0.0
RBB13_257,LPL11_348,RBB,LPL,0.0
RBB11_260,BKB12_97,RBB,BKB,0.0
BKB12_32,BKB12_208,BKB,BKB,1.0
BKB12_92,BKB12_65,BKB,BKB,1.0
RBB13_276,RBB11_21,RBB,RBB,1.0
LPL11_261,LPL11_129,LPL,LPL,1.0
RBB13_94,LPL11_338,RBB,LPL,0.0
RBB11_106,RBB11_193,RBB,RBB,1.0
RBB11_287,LPL11_226,RBB,LPL,0.0
RBB13_146,RBB13_97,RBB,RBB,1.0
LPL11_157,RBB11_28,LPL,RBB,0.0
RBB11_160,RBB11_335,RBB,RBB,1.0
LPL11_140,LPL11_118,LPL,LPL,1.0
RBB13_23,RBB11_178,RBB,RBB,1.0
RBB11_202,LPL11_265,RBB,LPL,0.0
RBB13_29,BKB12_96,RBB,BKB,0.0
RBB11_138,RBB11_66,RBB,RBB,1.0
RBB11_203,BKB12_371,RBB,BKB,0.0
RBB13_111,BKB12_90,RBB,BKB,0.0
LPL11_333,LPL11_227,LPL,LPL,1.0
LPL11_37,LPL11_371,LPL,LPL,1.0
LPL11_66,RBB11_94,LPL,RBB,0.0
RBB11_35,BKB12_161,RBB,BKB,0.0
RBB11_129,RBB13_117,RBB,RBB,1.0
LPL11_300,RBB13_319,LPL,RBB,0.0
RBB11_54,RBB11_173,RBB,RBB,1.0
LPL11_260,RBB11_66,LPL,RBB,0.0
LPL11_297,LPL11_52,LPL,LPL,1.0
BKB12_136,BKB12_72,BKB,BKB,1.0
RBB13_182,RBB13_111,RBB,RBB,1.0
RBB11_61,LPL11_164,RBB,LPL,0.0
RBB11_315,RBB11_160,RBB,RBB,1.0
BKB12_145,BKB12_287,BKB,BKB,1.0
LPL11_58,BKB12_340,LPL,BKB,0.0
BKB12_287,BKB12_57,BKB,BKB,1.0
RBB11_26,LPL11_130,RBB,LPL,0.0
RBB13_252,RBB13_258,RBB,RBB,1.0
RBB13_299,LPL11_355,RBB,LPL,0.0
LPL11_121,LPL11_222,LPL,LPL,1.0
LPL11_272,RBB13_346,LPL,RBB,0.0
LPL11_148,RBB13_164,LPL,RBB,0.0
BKB12_263,RBB13_284,BKB,RBB,0.0
RBB11_72,RBB13_237,RBB,RBB,1.0
RBB13_214,LPL11_299,RBB,LPL,0.0
BKB12_299,RBB13_138,BKB,RBB,0.0
RBB11_318,RBB11_334,RBB,RBB,1.0
LPL11_182,LPL11_252,LPL,LPL,1.0
LPL11_329,RBB11_108,LPL,RBB,0.0
LPL11_1,LPL11_260,LPL,LPL,1.0
RBB11_133,RBB13_336,RBB,RBB,1.0
RBB13_139,LPL11_294,RBB,LPL,0.0
RBB11_72,BKB12_290,RBB,BKB,0.0
RBB13_358,BKB12_281,RBB,BKB,0.0
LPL11_13,LPL11_373,LPL,LPL,1.0
BKB12_118,RBB11_274,BKB,RBB,0.0
BKB12_301,BKB12_337,BKB,BKB,1.0
RBB11_77,LPL11_18,RBB,LPL,0.0
LPL11_107,LPL11_88,LPL,LPL,1.0
RBB13_117,RBB11_323,RBB,RBB,1.0
RBB13_234,LPL11_201,RBB,LPL,0.0
RBB11_87,RBB13_190,RBB,RBB,1.0
BKB12_133,BKB12_285,BKB,BKB,1.0
LPL11_181,LPL11_372,LPL,LPL,1.0
LPL11_135,LPL11_342,LPL,LPL,1.0
RBB13_131,RBB13_226,RBB,RBB,1.0
RBB13_251,RBB13_32,RBB,RBB,1.0
BKB12_313,BKB12_371,BKB,BKB,1.0
BKB12_346,RBB13_122,BKB,RBB,0.0
BKB12_94,BKB12_361,BKB,BKB,1.0
RBB11_138,LPL11_50,RBB,LPL,0.0
RBB11_248,RBB13_82,RBB,RBB,1.0
RBB13_48,RBB11_70,RBB,RBB,1.0
LPL11_90,LPL11_84,LPL,LPL,1.0
RBB13_58,RBB11_245,RBB,RBB,1.0
RBB11_299,RBB13_325,RBB,RBB,1.0
RBB13_128,LPL11_310,RBB,LPL,0.0
RBB13_11,BKB12_229,RBB,BKB,0.0
RBB11_36,BKB12_32,RBB,BKB,0.0
RBB13_204,RBB13_99,RBB,RBB,1.0
RBB13_61,RBB13_322,RBB,RBB,1.0
LPL11_252,LPL11_23,LPL,LPL,1.0
RBB13_342,BKB12_102,RBB,BKB,0.0
BKB12_43,RBB13_104,BKB,RBB,0.0
LPL11_116,LPL11_266,LPL,LPL,1.0
RBB11_4,BKB12_8,RBB,BKB,0.0
RBB11_48,BKB12_201,RBB,BKB,0.0
BKB12_27,RBB13_110,BKB,RBB,0.0
LPL11_84,LPL11_299,LPL,LPL,1.0
BKB12_272,RBB11_328,BKB,RBB,0.0
RBB11_166,RBB11_333,RBB,RBB,1.0
RBB13_96,BKB12_103,RBB,BKB,0.0
LPL11_17,RBB11_316,LPL,RBB,0.0
BKB12_230,RBB11_53,BKB,RBB,0.0
BKB12_158,BKB12_1,BKB,BKB,1.0
RBB11_257,BKB12_164,RBB,BKB,0.0
LPL11_3,LPL11_383,LPL,LPL,1.0
RBB11_30,LPL11_268,RBB,LPL,0.0
BKB12_11,RBB13_98,BKB,RBB,0.0
BKB12_9,BKB12_288,BKB,BKB,1.0
RBB13_311,LPL11_6,RBB,LPL,0.0
RBB13_155,BKB12_58,RBB,BKB,0.0
BKB12_360,BKB12_314,BKB,BKB,1.0
RBB13_8,LPL11_186,RBB,LPL,0.0
LPL11_57,LPL11_16,LPL,LPL,1.0
LPL11_261,RBB13_342,LPL,RBB,0.0
RBB11_335,RBB11_69,RBB,RBB,1.0
RBB13_264,RBB11_169,RBB,RBB,1.0
BKB12_270,BKB12_172,BKB,BKB,1.0
LPL11_26,LPL11_346,LPL,LPL,1.0
RBB13_154,RBB13_146,RBB,RBB,1.0
LPL11_44,LPL11_315,LPL,LPL,1.0
LPL11_145,LPL11_328,LPL,LPL,1.0
LPL11_377,LPL11_238,LPL,LPL,1.0
RBB13_346,LPL11_340,RBB,LPL,0.0
LPL11_91,RBB11_20,LPL,RBB,0.0
BKB12_287,RBB13_216,BKB,RBB,0.0
LPL11_77,LPL11_257,LPL,LPL,1.0
RBB11_30,RBB11_189,RBB,RBB,1.0
RBB13_356,LPL11_334,RBB,LPL,0.0
BKB12_327,RBB13_234,BKB,RBB,0.0
LPL11_103,LPL11_196,LPL,LPL,1.0
BKB12_355,RBB11_11,BKB,RBB,0.0
BKB12_340,RBB13_304,BKB,RBB,0.0
RBB13_166,BKB12_120,RBB,BKB,0.0
LPL11_15,LPL11_134,LPL,LPL,1.0
RBB13_337,RBB11_42,RBB,RBB,1.0
LPL11_380,RBB13_58,LPL,RBB,0.0
LPL11_82,RBB13_89,LPL,RBB,0.0
RBB11_1,RBB11_53,RBB,RBB,1.0
BKB12_299,BKB12_156,BKB,BKB,1.0
RBB11_178,BKB12_224,RBB,BKB,0.0
LPL11_51,RBB11_68,LPL,RBB,0.0
LPL11_105,RBB13_307,LPL,RBB,0.0
RBB13_12,RBB11_217,RBB,RBB,1.0
RBB11_27,BKB12_189,RBB,BKB,0.0
LPL11_299,LPL11_297,LPL,LPL,1.0
RBB11_31,BKB12_299,RBB,BKB,0.0
LPL11_100,RBB11_183,LPL,RBB,0.0
RBB11_28,RBB11_148,RBB,RBB,1.0
LPL11_173,RBB13_40,LPL,RBB,0.0
LPL11_310,LPL11_304,LPL,LPL,1.0
RBB13_56,RBB13_75,RBB,RBB,1.0
BKB12_265,RBB11_282,BKB,RBB,0.0
BKB12_44,BKB12_98,BKB,BKB,1.0
RBB11_14,LPL11_209,RBB,LPL,0.0
LPL11_40,RBB11_36,LPL,RBB,0.0
RBB11_90,BKB12_132,RBB,BKB,0.0
LPL11_366,LPL11_316,LPL,LPL,1.0
LPL11_216,RBB11_74,LPL,RBB,0.0
RBB11_65,RBB13_72,RBB,RBB,1.0
RBB11_305,BKB12_99,RBB,BKB,0.0
RBB13_38,LPL11_102,RBB,LPL,0.0
BKB12_326,BKB12_210,BKB,BKB,1.0
RBB13_315,RBB13_332,RBB,RBB,1.0
RBB11_321,LPL11_48,RBB,LPL,0.0
BKB12_354,RBB13_204,BKB,RBB,0.0
RBB11_219,RBB13_234,RBB,RBB,1.0
BKB12_140,BKB12_104,BKB,BKB,1.0
RBB13_259,LPL11_221,RBB,LPL,0.0
BKB12_367,BKB12_336,BKB,BKB,1.0
RBB13_125,BKB12_365,RBB,BKB,0.0
BKB12_6,BKB12_306,BKB,BKB,1.0
BKB12_361,BKB12_250,BKB,BKB,1.0
LPL11_308,LPL11_265,LPL,LPL,1.0
BKB12_174,BKB12_47,BKB,BKB,1.0
LPL11_264,LPL11_231,LPL,LPL,1.0
RBB13_165,LPL11_230,RBB,LPL,0.0
RBB11_108,LPL11_40,RBB,LPL,0.0
RBB11_22,RBB11_84,RBB,RBB,1.0
RBB13_246,LPL11_333,RBB,LPL,0.0
BKB12_366,BKB12_196,BKB,BKB,1.0
RBB13_341,RBB11_20,RBB,RBB,1.0
RBB11_238,BKB12_4,RBB,BKB,0.0
LPL11_328,LPL11_70,LPL,LPL,1.0
RBB13_205,RBB11_304,RBB,RBB,1.0
RBB13_40,LPL11_371,RBB,LPL,0.0
RBB13_80,LPL11_175,RBB,LPL,0.0
RBB13_259,RBB13_204,RBB,RBB,1.0
LPL11_31,RBB13_252,LPL,RBB,0.0
RBB11_35,RBB11_71,RBB,RBB,1.0
RBB13_221,BKB12_149,RBB,BKB,0.0
BKB12_348,RBB13_352,BKB,RBB,0.0
LPL11_241,RBB13_259,LPL,RBB,0.0
RBB13_346,RBB11_144,RBB,RBB,1.0
RBB11_281,RBB13_257,RBB,RBB,1.0
BKB12_63,BKB12_369,BKB,BKB,1.0
RBB13_326,LPL11_174,RBB,LPL,0.0
LPL11_130,LPL11_17,LPL,LPL,1.0
RBB11_57,LPL11_250,RBB,LPL,0.0
LPL11_178,RBB11_276,LPL,RBB,0.0
LPL11_297,RBB13_36,LPL,RBB,0.0
BKB12_159,BKB12_327,BKB,BKB,1.0
BKB12_98,BKB12_353,BKB,BKB,1.0
LPL11_51,LPL11_359,LPL,LPL,1.0
RBB13_102,BKB12_194,RBB,BKB,0.0
LPL11_107,RBB11_159,LPL,RBB,0.0
RBB11_181,LPL11_34,RBB,LPL,0.0
RBB11_344,RBB13_110,RBB,RBB,1.0
RBB11_205,RBB11_329,RBB,RBB,1.0
BKB12_95,BKB12_241,BKB,BKB,1.0
LPL11_378,LPL11_361,LPL,LPL,1.0
RBB13_300,RBB13_214,RBB,RBB,1.0
BKB12_288,RBB11_260,BKB,RBB,0.0
BKB12_24,BKB12_120,BKB,BKB,1.0
BKB12_104,RBB13_7,BKB,RBB,0.0
LPL11_212,LPL11_119,LPL,LPL,1.0
LPL11_204,LPL11_210,LPL,LPL,1.0
RBB11_223,BKB12_191,RBB,BKB,0.0
RBB11_262,RBB13_216,RBB,RBB,1.0
LPL11_165,RBB13_56,LPL,RBB,0.0
LPL11_178,LPL11_3,LPL,LPL,1.0
BKB12_330,BKB12_181,BKB,BKB,1.0
BKB12_90,RBB13_159,BKB,RBB,0.0
RBB13_16,LPL11_366,RBB,LPL,0.0
BKB12_267,RBB13_320,BKB,RBB,0.0
RBB11_297,RBB13_300,RBB,RBB,1.0
RBB11_243,RBB11_165,RBB,RBB,1.0
LPL11_34,LPL11_223,LPL,LPL,1.0
RBB11_113,LPL11_342,RBB,LPL,0.0
LPL11_352,LPL11_329,LPL,LPL,1.0
RBB11_230,RBB13_194,RBB,RBB,1.0
RBB13_92,LPL11_63,RBB,LPL,0.0
LPL11_334,LPL11_303,LPL,LPL,1.0
RBB13_214,RBB11_16,RBB,RBB,1.0
RBB11_134,RBB13_4,RBB,RBB,1.0
BKB12_103,RBB13_129,BKB,RBB,0.0
BKB12_371,BKB12_112,BKB,BKB,1.0
RBB13_77,RBB13_124,RBB,RBB,1.0
RBB11_147,LPL11_306,RBB,LPL,0.0
LPL11_263,LPL11_325,LPL,LPL,1.0
RBB11_234,RBB11_76,RBB,RBB,1.0
RBB13_83,RBB13_287,RBB,RBB,1.0
RBB13_93,RBB13_106,RBB,RBB,1.0
BKB12_204,RBB11_173,BKB,RBB,0.0
RBB11_244,RBB13_175,RBB,RBB,1.0
LPL11_231,BKB12_6,LPL,BKB,0.0
RBB13_253,LPL11_57,RBB,LPL,0.0
RBB13_221,RBB11_246,RBB,RBB,1.0
RBB11_221,BKB12_153,RBB,BKB,0.0
RBB11_45,BKB12_326,RBB,BKB,0.0
BKB12_164,RBB11_59,BKB,RBB,0.0
LPL11_90,RBB13_198,LPL,RBB,0.0
LPL11_259,LPL11_181,LPL,LPL,1.0
BKB12_314,RBB11_168,BKB,RBB,0.0
LPL11_52,LPL11_6,LPL,LPL,1.0
RBB13_164,BKB12_228,RBB,BKB,0.0
RBB11_112,LPL11_128,RBB,LPL,0.0
BKB12_308,RBB13_251,BKB,RBB,0.0
RBB13_28,RBB13_185,RBB,RBB,1.0
RBB13_128,RBB13_225,RBB,RBB,1.0
RBB13_110,BKB12_107,RBB,BKB,0.0
RBB11_303,RBB13_345,RBB,RBB,1.0
LPL11_97,LPL11_352,LPL,LPL,1.0
RBB13_313,LPL11_298,RBB,LPL,0.0
BKB12_222,BKB12_281,BKB,BKB,1.0
RBB11_249,RBB13_139,RBB,RBB,1.0
RBB11_337,RBB11_236,RBB,RBB,1.0
LPL11_138,RBB13_248,LPL,RBB,0.0
LPL11_322,RBB11_137,LPL,RBB,0.0
RBB13_354,LPL11_197,RBB,LPL,0.0
RBB13_250,RBB13_81,RBB,RBB,1.0
RBB13_169,LPL11_60,RBB,LPL,0.0
RBB11_285,BKB12_43,RBB,BKB,0.0
RBB13_123,LPL11_301,RBB,LPL,0.0
BKB12_113,BKB12_90,BKB,BKB,1.0
RBB13_293,RBB11_68,RBB,RBB,1.0
BKB12_141,BKB12_201,BKB,BKB,1.0
BKB12_1,RBB13_279,BKB,RBB,0.0
BKB12_76,RBB13_111,BKB,RBB,0.0
RBB11_185,BKB12_16,RBB,BKB,0.0
RBB11_314,RBB11_131,RBB,RBB,1.0
BKB12_219,BKB12_194,BKB,BKB,1.0
RBB13_267,RBB13_318,RBB,RBB,1.0
LPL11_93,RBB11_132,LPL,RBB,0.0
BKB12_163,RBB13_331,BKB,RBB,0.0
BKB12_265,BKB12_32,BKB,BKB,1.0
LPL11_368,LPL11_193,LPL,LPL,1.0
LPL11_131,RBB13_81,LPL,RBB,0.0
LPL11_316,LPL11_216,LPL,LPL,1.0
RBB13_147,RBB13_42,RBB,RBB,1.0
LPL11_252,BKB12_158,LPL,BKB,0.0
RBB13_230,RBB13_51,RBB,RBB,1.0
BKB12_309,BKB12_195,BKB,BKB,1.0
RBB13_147,LPL11_1,RBB,LPL,0.0
LPL11_368,RBB11_235,LPL,RBB,0.0
LPL11_352,RBB11_263,LPL,RBB,0.0
LPL11_175,LPL11_102,LPL,LPL,1.0
LPL11_319,LPL11_259,LPL,LPL,1.0
RBB11_209,BKB12_133,RBB,BKB,0.0
BKB12_70,BKB12_266,BKB,BKB,1.0
RBB13_9,LPL11_28,RBB,LPL,0.0
LPL11_278,BKB12_18,LPL,BKB,0.0
BKB12_250,LPL11_373,BKB,LPL,0.0
RBB13_227,LPL11_331,RBB,LPL,0.0
LPL11_149,RBB11_139,LPL,RBB,0.0
BKB12_10,BKB12_161,BKB,BKB,1.0
BKB12_306,BKB12_137,BKB,BKB,1.0
LPL11_130,BKB12_138,LPL,BKB,0.0
LPL11_264,RBB13_12,LPL,RBB,0.0
LPL11_350,LPL11_302,LPL,LPL,1.0
LPL11_291,RBB13_286,LPL,RBB,0.0
BKB12_241,RBB13_287,BKB,RBB,0.0
RBB13_348,RBB11_202,RBB,RBB,1.0
BKB12_362,BKB12_262,BKB,BKB,1.0
BKB12_87,RBB11_122,BKB,RBB,0.0
RBB11_159,RBB13_34,RBB,RBB,1.0
BKB12_253,BKB12_94,BKB,BKB,1.0
BKB12_329,RBB11_40,BKB,RBB,0.0
RBB13_289,RBB11_162,RBB,RBB,1.0
RBB13_308,RBB11_205,RBB,RBB,1.0
RBB13_104,BKB12_226,RBB,BKB,0.0
RBB11_100,RBB11_293,RBB,RBB,1.0
BKB12_352,BKB12_317,BKB,BKB,1.0
BKB12_96,RBB11_141,BKB,RBB,0.0
BKB12_123,RBB11_317,BKB,RBB,0.0
LPL11_55,RBB13_23,LPL,RBB,0.0
LPL11_275,LPL11_33,LPL,LPL,1.0
BKB12_365,RBB11_181,BKB,RBB,0.0
RBB13_56,BKB12_366,RBB,BKB,0.0
LPL11_164,RBB11_153,LPL,RBB,0.0
RBB11_305,RBB13_335,RBB,RBB,1.0
RBB11_213,RBB13_357,RBB,RBB,1.0
BKB12_367,RBB11_318,BKB,RBB,0.0
RBB11_316,BKB12_129,RBB,BKB,0.0
LPL11_226,RBB13_75,LPL,RBB,0.0
BKB12_103,BKB12_82,BKB,BKB,1.0
BKB12_263,BKB12_149,BKB,BKB,1.0
LPL11_181,RBB13_131,LPL,RBB,0.0
RBB11_304,LPL11_350,RBB,LPL,0.0
RBB11_259,LPL11_43,RBB,LPL,0.0
BKB12_132,BKB12_213,BKB,BKB,1.0
RBB13_97,BKB12_233,RBB,BKB,0.0
RBB13_85,RBB11_93,RBB,RBB,1.0
BKB12_166,BKB12_240,BKB,BKB,1.0
BKB12_233,BKB12_185,BKB,BKB,1.0
RBB11_204,RBB13_347,RBB,RBB,1.0
BKB12_255,RBB11_329,BKB,RBB,0.0
LPL11_23,LPL11_135,LPL,LPL,1.0
RBB11_345,LPL11_16,RBB,LPL,0.0
BKB12_187,BKB12_272,BKB,BKB,1.0
BKB12_247,RBB13_90,BKB,RBB,0.0
RBB13_37,LPL11_7,RBB,LPL,0.0
RBB13_157,LPL11_17,RBB,LPL,0.0
RBB11_169,RBB11_350,RBB,RBB,1.0
RBB13_318,RBB11_106,RBB,RBB,1.0
RBB11_41,BKB12_219,RBB,BKB,0.0
LPL11_68,LPL11_338,LPL,LPL,1.0
RBB11_263,LPL11_32,RBB,LPL,0.0
RBB11_286,RBB13_89,RBB,RBB,1.0
RBB13_322,BKB12_243,RBB,BKB,0.0
RBB11_262,BKB12_327,RBB,BKB,0.0
LPL11_262,RBB11_112,LPL,RBB,0.0
RBB11_335,BKB12_139,RBB,BKB,0.0
LPL11_159,BKB12_223,LPL,BKB,0.0
BKB12_230,BKB12_51,BKB,BKB,1.0
BKB12_209,BKB12_80,BKB,BKB,1.0
LPL11_6,RBB11_175,LPL,RBB,0.0
RBB13_7,BKB12_59,RBB,BKB,0.0
BKB12_59,RBB13_93,BKB,RBB,0.0
RBB13_352,LPL11_252,RBB,LPL,0.0
RBB11_161,RBB13_38,RBB,RBB,1.0
BKB12_161,BKB12_121,BKB,BKB,1.0
RBB11_255,BKB12_232,RBB,BKB,0.0
RBB11_187,RBB13_308,RBB,RBB,1.0
LPL11_160,RBB11_113,LPL,RBB,0.0
RBB13_287,RBB13_103,RBB,RBB,1.0
BKB12_195,BKB12_221,BKB,BKB,1.0
RBB13_68,RBB11_294,RBB,RBB,1.0
RBB11_229,RBB13_342,RBB,RBB,1.0
LPL11_210,RBB13_217,LPL,RBB,0.0
RBB13_124,RBB13_127,RBB,RBB,1.0
LPL11_128,LPL11_268,LPL,LPL,1.0
RBB13_301,RBB11_2,RBB,RBB,1.0
RBB13_264,LPL11_290,RBB,LPL,0.0
LPL11_238,LPL11_48,LPL,LPL,1.0
RBB11_98,RBB13_242,RBB,RBB,1.0
BKB12_117,RBB11_337,BKB,RBB,0.0
RBB11_85,RBB11_319,RBB,RBB,1.0
BKB12_67,BKB12_229,BKB,BKB,1.0
RBB11_11,LPL11_178,RBB,LPL,0.0
LPL11_326,LPL11_318,LPL,LPL,1.0
RBB13_338,RBB11_268,RBB,RBB,1.0
RBB13_95,RBB11_210,RBB,RBB,1.0
BKB12_255,BKB12_126,BKB,BKB,1.0
LPL11_33,RBB13_268,LPL,RBB,0.0
LPL11_118,LPL11_180,LPL,LPL,1.0
RBB11_236,RBB13_153,RBB,RBB,1.0
RBB13_133,RBB13_135,RBB,RBB,1.0
RBB11_168,LPL11_346,RBB,LPL,0.0
LPL11_143,LPL11_63,LPL,LPL,1.0
BKB12_118,BKB12_6,BKB,BKB,1.0
LPL11_100,LPL11_198,LPL,LPL,1.0
RBB13_5,RBB13_9,RBB,RBB,1.0
RBB11_2,LPL11_262,RBB,LPL,0.0
RBB13_14,BKB12_160,RBB,BKB,0.0
LPL11_78,LPL11_96,LPL,LPL,1.0
RBB13_145,BKB12_126,RBB,BKB,0.0
BKB12_277,RBB11_166,BKB,RBB,0.0
LPL11_87,RBB13_103,LPL,RBB,0.0
BKB12_76,BKB12_245,BKB,BKB,1.0
LPL11_141,LPL11_366,LPL,LPL,1.0
LPL11_108,LPL11_179,LPL,LPL,1.0
LPL11_122,LPL11_324,LPL,LPL,1.0
RBB13_126,LPL11_143,RBB,LPL,0.0
RBB11_68,RBB13_162,RBB,RBB,1.0
RBB13_36,BKB12_197,RBB,BKB,0.0
RBB13_3,RBB13_8,RBB,RBB,1.0
BKB12_92,RBB13_326,BKB,RBB,0.0
RBB13_257,RBB13_312,RBB,RBB,1.0
BKB12_25,RBB11_126,BKB,RBB,0.0
LPL11_43,RBB11_119,LPL,RBB,0.0
RBB13_97,RBB13_310,RBB,RBB,1.0
RBB11_101,LPL11_241,RBB,LPL,0.0
LPL11_143,RBB13_51,LPL,RBB,0.0
RBB13_244,RBB11_151,RBB,RBB,1.0
BKB12_47,RBB13_99,BKB,RBB,0.0
RBB13_316,RBB13_165,RBB,RBB,1.0
BKB12_30,RBB11_305,BKB,RBB,0.0
LPL11_31,LPL11_160,LPL,LPL,1.0
RBB11_53,LPL11_3,RBB,LPL,0.0
RBB11_293,LPL11_311,RBB,LPL,0.0
RBB11_4,RBB13_77,RBB,RBB,1.0
RBB11_160,LPL11_122,RBB,LPL,0.0
RBB11_94,BKB12_2,RBB,BKB,0.0
BKB12_354,BKB12_309,BKB,BKB,1.0
RBB11_66,RBB13_352,RBB,RBB,1.0
BKB12_285,RBB11_143,BKB,RBB,0.0
LPL11_103,RBB13_76,LPL,RBB,0.0
BKB12_160,BKB12_307,BKB,BKB,1.0
LPL11_322,LPL11_170,LPL,LPL,1.0
BKB12_72,RBB13_147,BKB,RBB,0.0
BKB12_129,RBB11_285,BKB,RBB,0.0
BKB12_252,BKB12_207,BKB,BKB,1.0
RBB13_162,BKB12_169,RBB,BKB,0.0
LPL11_47,RBB11_72,LPL,RBB,0.0
BKB12_185,BKB12_197,BKB,BKB,1.0
RBB11_211,LPL11_168,RBB,LPL,0.0
LPL11_371,LPL11_60,LPL,LPL,1.0
BKB12_308,BKB12_87,BKB,BKB,1.0
RBB13_72,BKB12_213,RBB,BKB,0.0
BKB12_80,RBB11_249,BKB,RBB,0.0
RBB13_262,LPL11_329,RBB,LPL,0.0
LPL11_138,LPL11_319,LPL,LPL,1.0
BKB12_51,BKB12_96,BKB,BKB,1.0
LPL11_270,LPL11_300,LPL,LPL,1.0
LPL11_127,LPL11_378,LPL,LPL,1.0
RBB13_132,BKB12_98,RBB,BKB,0.0
RBB13_194,BKB12_319,RBB,BKB,0.0
LPL11_196,LPL11_250,LPL,LPL,1.0
RBB11_65,LPL11_182,RBB,LPL,0.0
RBB13_253,RBB13_125,RBB,RBB,1.0
RBB11_131,RBB11_80,RBB,RBB,1.0
RBB11_303,BKB12_67,RBB,BKB,0.0
LPL11_155,RBB13_194,LPL,RBB,0.0
LPL11_26,RBB11_100,LPL,RBB,0.0
LPL11_56,LPL11_43,LPL,LPL,1.0
RBB13_288,BKB12_241,RBB,BKB,0.0
RBB13_53,LPL11_134,RBB,LPL,0.0
BKB12_113,RBB13_347,BKB,RBB,0.0
BKB12_346,BKB12_342,BKB,BKB,1.0
RBB13_89,RBB11_228,RBB,RBB,1.0
LPL11_324,RBB11_2,LPL,RBB,0.0
LPL11_315,LPL11_148,LPL,LPL,1.0
LPL11_105,LPL11_263,LPL,LPL,1.0
RBB11_25,RBB13_217,RBB,RBB,1.0
LPL11_32,LPL11_112,LPL,LPL,1.0
RBB11_108,RBB11_175,RBB,RBB,1.0
BKB12_96,BKB12_322,BKB,BKB,1.0
LPL11_335,RBB13_358,LPL,RBB,0.0
LPL11_81,LPL11_146,LPL,LPL,1.0
LPL11_262,LPL11_256,LPL,LPL,1.0
RBB13_313,RBB13_3,RBB,RBB,1.0
RBB11_243,LPL11_180,RBB,LPL,0.0
LPL11_343,RBB11_129,LPL,RBB,0.0
LPL11_301,RBB13_183,LPL,RBB,0.0
RBB13_250,LPL11_326,RBB,LPL,0.0
BKB12_222,RBB11_104,BKB,RBB,0.0
RBB13_324,BKB12_19,RBB,BKB,0.0
RBB13_310,BKB12_145,RBB,BKB,0.0
BKB12_66,BKB12_169,BKB,BKB,1.0
BKB12_101,RBB11_99,BKB,RBB,0.0
BKB12_61,BKB12_329,BKB,BKB,1.0
RBB13_167,LPL11_149,RBB,LPL,0.0
LPL11_301,LPL11_344,LPL,LPL,1.0
BKB12_294,BKB12_228,BKB,BKB,1.0
RBB13_287,LPL11_359,RBB,LPL,0.0
RBB13_277,RBB13_157,RBB,RBB,1.0
RBB11_114,RBB13_60,RBB,RBB,1.0
LPL11_290,LPL11_177,LPL,LPL,1.0
RBB11_228,LPL11_91,RBB,LPL,0.0
RBB11_321,RBB11_54,RBB,RBB,1.0
RBB13_125,RBB13_56,RBB,RBB,1.0
LPL11_265,RBB11_244,LPL,RBB,0.0
LPL11_0,LPL11_26,LPL,LPL,1.0
BKB12_336,BKB12_200,BKB,BKB,1.0
LPL11_222,LPL11_347,LPL,LPL,1.0
RBB13_215,RBB11_286,RBB,RBB,1.0
LPL11_129,LPL11_157,LPL,LPL,1.0
BKB12_12,RBB11_80,BKB,RBB,0.0
RBB11_71,BKB12_287,RBB,BKB,0.0
RBB13_199,RBB11_219,RBB,RBB,1.0
RBB13_170,LPL11_260,RBB,LPL,0.0
RBB11_11,RBB13_293,RBB,RBB,1.0
LPL11_212,RBB13_176,LPL,RBB,0.0
LPL11_209,LPL11_55,LPL,LPL,1.0
RBB13_274,RBB11_340,RBB,RBB,1.0
BKB12_107,BKB12_95,BKB,BKB,1.0
RBB13_245,LPL11_37,RBB,LPL,0.0
LPL11_319,RBB11_162,LPL,RBB,0.0
LPL11_359,LPL11_217,LPL,LPL,1.0
RBB11_189,RBB11_31,RBB,RBB,1.0
LPL11_134,LPL11_138,LPL,LPL,1.0
RBB11_313,RBB13_223,RBB,RBB,1.0
BKB12_126,RBB13_14,BKB,RBB,0.0
LPL11_272,LPL11_68,LPL,LPL,1.0
RBB11_80,BKB12_284,RBB,BKB,0.0
LPL11_309,LPL11_34,LPL,LPL,1.0
RBB11_181,RBB11_274,RBB,RBB,1.0
RBB11_297,BKB12_318,RBB,BKB,0.0
RBB13_51,LPL11_303,RBB,LPL,0.0
RBB13_268,LPL11_212,RBB,LPL,0.0
LPL11_224,LPL11_30,LPL,LPL,1.0
RBB11_126,RBB11_275,RBB,RBB,1.0
LPL11_70,RBB11_229,LPL,RBB,0.0
LPL11_340,LPL11_255,LPL,LPL,1.0
LPL11_223,RBB11_296,LPL,RBB,0.0
BKB12_242,BKB12_354,BKB,BKB,1.0
RBB13_135,RBB13_35,RBB,RBB,1.0
RBB13_70,BKB12_360,RBB,BKB,0.0
LPL11_92,LPL11_32,LPL,LPL,1.0
RBB13_283,BKB12_301,RBB,BKB,0.0
RBB13_176,RBB11_243,RBB,RBB,1.0
RBB11_209,RBB13_5,RBB,RBB,1.0
RBB13_4,RBB11_314,RBB,RBB,1.0
BKB12_102,LPL11_210,BKB,LPL,0.0
RBB11_342,BKB12_30,RBB,BKB,0.0
RBB11_117,LPL11_205,RBB,LPL,0.0
RBB11_149,BKB12_35,RBB,BKB,0.0
LPL11_315,RBB13_94,LPL,RBB,0.0
BKB12_242,RBB11_23,BKB,RBB,0.0
RBB11_258,LPL11_56,RBB,LPL,0.0
LPL11_361,RBB13_165,LPL,RBB,0.0
RBB11_156,BKB12_265,RBB,BKB,0.0
RBB11_27,RBB11_239,RBB,RBB,1.0
BKB12_309,RBB13_18,BKB,RBB,0.0
BKB12_51,RBB13_154,BKB,RBB,0.0
BKB12_350,BKB12_18,BKB,BKB,1.0
LPL11_278,LPL11_61,LPL,LPL,1.0
LPL11_210,LPL11_271,LPL,LPL,1.0
RBB11_42,BKB12_341,RBB,BKB,0.0
RBB13_35,RBB11_24,RBB,RBB,1.0
BKB12_295,RBB11_297,BKB,RBB,0.0
RBB11_7,BKB12_123,RBB,BKB,0.0
RBB11_150,BKB12_118,RBB,BKB,0.0
BKB12_13,RBB11_4,BKB,RBB,0.0
BKB12_213,RBB11_350,BKB,RBB,0.0
RBB11_149,RBB13_100,RBB,RBB,1.0
RBB13_319,RBB13_205,RBB,RBB,1.0
RBB13_186,BKB12_72,RBB,BKB,0.0
BKB12_104,BKB12_88,BKB,BKB,1.0
RBB13_176,BKB12_178,RBB,BKB,0.0
BKB12_219,RBB11_203,BKB,RBB,0.0
RBB11_74,RBB13_132,RBB,RBB,1.0
LPL11_50,RBB13_68,LPL,RBB,0.0
RBB13_216,LPL11_92,RBB,LPL,0.0
RBB11_36,RBB13_148,RBB,RBB,1.0
LPL11_119,RBB13_124,LPL,RBB,0.0
RBB13_242,RBB11_213,RBB,RBB,1.0
RBB11_265,LPL11_131,RBB,LPL,0.0
RBB13_18,LPL11_308,RBB,LPL,0.0
RBB13_38,RBB11_153,RBB,RBB,1.0
RBB13_58,LPL11_137,RBB,LPL,0.0
BKB12_46,BKB12_75,BKB,BKB,1.0
RBB13_183,LPL11_300,RBB,LPL,0.0
BKB12_209,RBB13_222,BKB,RBB,0.0
LPL11_55,LPL11_122,LPL,LPL,1.0
RBB13_333,RBB11_145,RBB,RBB,1.0
LPL11_377,RBB13_214,LPL,RBB,0.0
LPL11_70,LPL11_76,LPL,LPL,1.0
RBB11_1,LPL11_94,RBB,LPL,0.0
BKB12_64,RBB13_21,BKB,RBB,0.0
BKB12_161,RBB11_252,BKB,RBB,0.0
BKB12_166,RBB13_336,BKB,RBB,0.0
BKB12_184,RBB13_136,BKB,RBB,0.0
LPL11_49,LPL11_24,LPL,LPL,1.0
LPL11_384,RBB13_283,LPL,RBB,0.0
LPL11_238,RBB13_246,LPL,RBB,0.0
RBB13_333,BKB12_144,RBB,BKB,0.0
BKB12_345,BKB12_67,BKB,BKB,1.0
RBB11_239,RBB11_108,RBB,RBB,1.0
RBB13_192,BKB12_165,RBB,BKB,0.0
LPL11_119,LPL11_298,LPL,LPL,1.0
RBB13_37,RBB11_253,RBB,RBB,1.0
RBB11_8,RBB11_320,RBB,RBB,1.0
BKB12_246,BKB12_204,BKB,BKB,1.0
BKB12_57,RBB11_187,BKB,RBB,0.0
BKB12_204,BKB12_132,BKB,BKB,1.0
LPL11_174,LPL11_57,LPL,LPL,1.0
RBB11_21,BKB12_364,RBB,BKB,0.0
LPL11_58,LPL11_97,LPL,LPL,1.0
RBB11_280,RBB11_317,RBB,RBB,1.0
RBB13_209,LPL11_165,RBB,LPL,0.0
RBB11_74,BKB12_73,RBB,BKB,0.0
LPL11_302,RBB13_205,LPL,RBB,0.0
LPL11_29,LPL11_224,LPL,LPL,1.0
LPL11_355,RBB13_291,LPL,RBB,0.0
RBB13_248,RBB11_299,RBB,RBB,1.0
RBB11_137,LPL11_183,RBB,LPL,0.0
RBB13_98,LPL11_51,RBB,LPL,0.0
RBB13_233,RBB11_264,RBB,RBB,1.0
BKB12_189,RBB11_280,BKB,RBB,0.0
LPL11_340,RBB11_131,LPL,RBB,0.0
LPL11_213,RBB11_275,LPL,RBB,0.0
BKB12_59,BKB12_343,BKB,BKB,1.0
RBB11_153,RBB13_70,RBB,RBB,1.0
BKB12_127,BKB12_190,BKB,BKB,1.0
BKB12_102,BKB12_166,BKB,BKB,1.0
RBB11_264,RBB13_14,RBB,RBB,1.0
BKB12_336,RBB13_37,BKB,RBB,0.0
LPL11_5,RBB13_28,LPL,RBB,0.0
RBB13_77,LPL11_181,RBB,LPL,0.0
LPL11_369,RBB13_145,LPL,RBB,0.0
RBB11_217,RBB13_126,RBB,RBB,1.0
BKB12_342,RBB13_82,BKB,RBB,0.0
RBB11_211,RBB13_80,RBB,RBB,1.0
RBB13_267,LPL11_30,RBB,LPL,0.0
RBB11_124,RBB11_28,RBB,RBB,1.0
LPL11_82,LPL11_284,LPL,LPL,1.0
RBB13_138,BKB12_184,RBB,BKB,0.0
BKB12_156,BKB12_30,BKB,BKB,1.0
RBB11_348,RBB13_48,RBB,RBB,1.0
RBB13_48,LPL11_68,RBB,LPL,0.0
LPL11_64,RBB11_90,LPL,RBB,0.0
LPL11_112,LPL11_81,LPL,LPL,1.0
RBB13_170,RBB13_192,RBB,RBB,1.0
LPL11_134,RBB13_349,LPL,RBB,0.0
LPL11_328,RBB11_265,LPL,RBB,0.0
RBB13_183,RBB13_268,RBB,RBB,1.0
RBB11_350,RBB13_149,RBB,RBB,1.0
RBB11_175,RBB11_284,RBB,RBB,1.0
BKB12_371,RBB11_98,BKB,RBB,0.0
BKB12_221,BKB12_29,BKB,BKB,1.0
RBB13_310,RBB13_186,RBB,RBB,1.0
BKB12_317,BKB12_59,BKB,BKB,1.0
LPL11_179,LPL11_368,LPL,LPL,1.0
LPL11_308,RBB13_327,LPL,RBB,0.0
RBB13_51,RBB11_297,RBB,RBB,1.0
RBB11_104,LPL11_257,RBB,LPL,0.0
RBB13_348,BKB12_10,RBB,BKB,0.0
RBB11_286,LPL11_72,RBB,LPL,0.0
LPL11_342,LPL11_311,LPL,LPL,1.0
BKB12_156,RBB13_125,BKB,RBB,0.0
RBB11_240,RBB11_305,RBB,RBB,1.0
RBB13_299,RBB11_90,RBB,RBB,1.0
RBB13_119,BKB12_352,RBB,BKB,0.0
BKB12_80,BKB12_46,BKB,BKB,1.0
LPL11_311,RBB11_87,LPL,RBB,0.0
LPL11_271,LPL11_270,LPL,LPL,1.0
LPL11_191,RBB11_193,LPL,RBB,0.0
LPL11_327,LPL11_234,LPL,LPL,1.0
BKB12_54,RBB13_315,BKB,RBB,0.0
RBB11_22,BKB12_155,RBB,BKB,0.0
LPL11_17,LPL11_209,LPL,LPL,1.0
BKB12_196,RBB13_324,BKB,RBB,0.0
RBB13_190,BKB12_180,RBB,BKB,0.0
RBB13_76,RBB11_240,RBB,RBB,1.0
RBB11_77,RBB13_96,RBB,RBB,1.0
LPL11_44,RBB13_100,LPL,RBB,0.0
BKB12_266,RBB13_148,BKB,RBB,0.0
LPL11_91,LPL11_205,LPL,LPL,1.0
RBB11_323,RBB11_302,RBB,RBB,1.0
RBB13_11,RBB11_187,RBB,RBB,1.0
LPL11_370,RBB11_76,LPL,RBB,0.0
BKB12_262,BKB12_295,BKB,BKB,1.0
RBB13_350,LPL11_378,RBB,LPL,0.0
BKB12_7,RBB11_286,BKB,RBB,0.0
LPL11_180,RBB11_234,LPL,RBB,0.0
RBB11_180,RBB11_113,RBB,RBB,1.0
LPL11_263,RBB13_85,LPL,RBB,0.0
RBB13_359,RBB13_267,RBB,RBB,1.0
BKB12_233,RBB13_127,BKB,RBB,0.0
BKB12_147,RBB13_300,BKB,RBB,0.0
BKB12_343,RBB13_239,BKB,RBB,0.0
LPL11_312,RBB13_236,LPL,RBB,0.0
RBB13_336,RBB13_252,RBB,RBB,1.0
LPL11_268,RBB11_43,LPL,RBB,0.0
LPL11_256,RBB11_26,LPL,RBB,0.0
RBB11_197,RBB13_356,RBB,RBB,1.0
LPL11_164,LPL11_145,LPL,LPL,1.0
LPL11_186,LPL11_159,LPL,LPL,1.0
BKB12_139,BKB12_219,BKB,BKB,1.0
BKB12_121,BKB12_326,BKB,BKB,1.0
RBB11_119,BKB12_46,RBB,BKB,0.0
RBB13_10,LPL11_70,RBB,LPL,0.0
LPL11_185,LPL11_90,LPL,LPL,1.0
RBB11_329,LPL11_145,RBB,LPL,0.0
RBB13_192,RBB13_28,RBB,RBB,1.0
LPL11_384,LPL11_137,LPL,LPL,1.0
LPL11_78,BKB12_248,LPL,BKB,0.0
RBB13_316,LPL11_78,RBB,LPL,0.0
RBB11_276,RBB13_58,RBB,RBB,1.0
LPL11_266,BKB12_263,LPL,BKB,0.0
BKB12_136,RBB13_296,BKB,RBB,0.0
RBB11_112,RBB11_8,RBB,RBB,1.0
RBB13_330,RBB11_126,RBB,RBB,1.0
LPL11_383,RBB13_9,LPL,RBB,0.0
BKB12_169,RBB13_167,BKB,RBB,0.0
LPL11_174,RBB13_11,LPL,RBB,0.0
RBB11_169,LPL11_335,RBB,LPL,0.0
RBB11_133,BKB12_172,RBB,BKB,0.0
RBB11_346,RBB13_21,RBB,RBB,1.0
LPL11_5,LPL11_133,LPL,LPL,1.0
LPL11_234,RBB11_158,LPL,RBB,0.0
LPL11_290,RBB13_272,LPL,RBB,0.0
LPL11_338,LPL11_143,LPL,LPL,1.0
LPL11_257,LPL11_226,LPL,LPL,1.0
RBB11_216,RBB13_319,RBB,RBB,1.0
RBB13_320,RBB11_100,RBB,RBB,1.0
RBB13_111,RBB11_132,RBB,RBB,1.0
BKB12_57,BKB12_76,BKB,BKB,1.0
RBB13_248,LPL11_179,RBB,LPL,0.0
RBB11_143,RBB13_346,RBB,RBB,1.0
RBB11_217,LPL11_347,RBB,LPL,0.0
LPL11_201,LPL11_166,LPL,LPL,1.0
BKB12_178,BKB12_366,BKB,BKB,1.0
LPL11_133,LPL11_380,LPL,LPL,1.0
LPL11_266,LPL11_290,LPL,LPL,1.0
BKB12_366,RBB13_128,BKB,RBB,0.0
RBB13_345,RBB13_272,RBB,RBB,1.0
BKB12_138,RBB13_60,BKB,RBB,0.0
BKB12_195,RBB11_134,BKB,RBB,0.0
LPL11_77,RBB11_326,LPL,RBB,0.0
LPL11_198,LPL11_327,LPL,LPL,1.0
RBB13_127,LPL11_52,RBB,LPL,0.0
BKB12_226,BKB12_92,BKB,BKB,1.0
RBB11_234,LPL11_217,RBB,LPL,0.0
RBB11_156,RBB11_348,RBB,RBB,1.0
RBB11_151,RBB13_276,RBB,RBB,1.0
RBB13_258,LPL11_292,RBB,LPL,0.0
RBB11_90,RBB11_281,RBB,RBB,1.0
LPL11_292,LPL11_100,LPL,LPL,1.0
LPL11_7,LPL11_149,LPL,LPL,1.0
BKB12_268,RBB13_230,BKB,RBB,0.0
LPL11_231,LPL11_165,LPL,LPL,1.0
BKB12_217,BKB12_355,BKB,BKB,1.0
BKB12_185,RBB13_257,BKB,RBB,0.0
RBB11_220,LPL11_344,RBB,LPL,0.0
BKB12_61,RBB11_314,BKB,RBB,0.0
BKB12_210,RBB11_221,BKB,RBB,0.0
BKB12_246,RBB11_35,BKB,RBB,0.0
RBB11_38,RBB11_115,RBB,RBB,1.0
LPL11_48,LPL11_92,LPL,LPL,1.0
BKB12_64,BKB12_178,BKB,BKB,1.0
RBB11_204,BKB12_140,RBB,BKB,0.0
RBB13_332,BKB12_306,RBB,BKB,0.0
RBB13_350,RBB11_168,RBB,RBB,1.0
RBB13_30,RBB11_62,RBB,RBB,1.0
BKB12_361,RBB13_33,BKB,RBB,0.0
RBB11_162,RBB13_227,RBB,RBB,1.0
LPL11_23,RBB11_160,LPL,RBB,0.0
RBB13_265,RBB11_114,RBB,RBB,1.0
LPL11_88,RBB11_267,LPL,RBB,0.0
RBB11_185,RBB11_290,RBB,RBB,1.0
BKB12_155,RBB11_16,BKB,RBB,0.0
BKB12_236,BKB12_173,BKB,BKB,1.0
BKB12_191,RBB11_228,BKB,RBB,0.0
RBB11_161,LPL11_112,RBB,LPL,0.0
LPL11_13,BKB12_195,LPL,BKB,0.0
RBB11_228,RBB11_313,RBB,RBB,1.0
LPL11_234,LPL11_64,LPL,LPL,1.0
RBB13_237,RBB13_155,RBB,RBB,1.0
BKB12_24,RBB11_323,BKB,RBB,0.0
RBB11_238,RBB13_92,RBB,RBB,1.0
LPL11_76,BKB12_367,LPL,BKB,0.0
LPL11_348,RBB11_138,LPL,RBB,0.0
BKB12_201,RBB11_310,BKB,RBB,0.0
BKB12_237,BKB12_101,BKB,BKB,1.0
BKB12_307,RBB13_3,BKB,RBB,0.0
BKB12_362,RBB13_306,BKB,RBB,0.0
LPL11_166,LPL11_208,LPL,LPL,1.0
LPL11_257,RBB11_41,LPL,RBB,0.0
RBB13_296,RBB13_215,RBB,RBB,1.0
LPL11_50,LPL11_185,LPL,LPL,1.0
RBB11_131,BKB12_136,RBB,BKB,0.0
RBB11_275,BKB12_57,RBB,BKB,0.0
LPL11_221,LPL11_189,LPL,LPL,1.0
LPL11_302,LPL11_335,LPL,LPL,1.0
RBB11_147,RBB13_296,RBB,RBB,1.0
BKB12_248,RBB11_216,BKB,RBB,0.0
BKB12_127,RBB13_262,BKB,RBB,0.0
RBB11_270,LPL11_100,RBB,LPL,0.0
RBB11_54,BKB12_82,RBB,BKB,0.0
LPL11_260,LPL11_348,LPL,LPL,1.0
LPL11_168,LPL11_51,LPL,LPL,1.0
RBB11_0,LPL11_325,RBB,LPL,0.0
BKB12_58,RBB11_345,BKB,RBB,0.0
BKB12_229,BKB12_350,BKB,BKB,1.0
RBB13_258,RBB13_119,RBB,RBB,1.0
LPL11_299,RBB11_303,LPL,RBB,0.0
RBB13_121,RBB13_30,RBB,RBB,1.0
RBB11_122,BKB12_78,RBB,BKB,0.0
LPL11_204,RBB11_239,LPL,RBB,0.0
RBB13_18,RBB11_237,RBB,RBB,1.0
RBB13_32,RBB13_307,RBB,RBB,1.0
RBB11_182,BKB12_61,RBB,BKB,0.0
LPL11_85,LPL11_12,LPL,LPL,1.0
RBB13_70,RBB11_172,RBB,RBB,1.0
RBB11_43,BKB12_256,RBB,BKB,0.0
LPL11_182,RBB13_54,LPL,RBB,0.0
RBB13_96,RBB13_284,RBB,RBB,1.0
BKB12_95,RBB13_5,BKB,RBB,0.0
RBB11_193,LPL11_289,RBB,LPL,0.0
RBB11_158,BKB12_329,RBB,BKB,0.0
RBB13_117,LPL11_140,RBB,LPL,0.0
BKB12_318,RBB13_117,BKB,RBB,0.0
BKB12_75,BKB12_236,BKB,BKB,1.0
RBB11_173,BKB12_354,RBB,BKB,0.0
RBB13_99,BKB12_288,RBB,BKB,0.0
LPL11_97,RBB11_237,LPL,RBB,0.0
RBB11_296,LPL11_133,RBB,LPL,0.0
LPL11_146,RBB13_172,LPL,RBB,0.0
BKB12_165,BKB12_140,BKB,BKB,1.0
LPL11_318,LPL11_131,LPL,LPL,1.0
RBB13_172,RBB13_315,RBB,RBB,1.0
LPL11_52,RBB11_148,LPL,RBB,0.0
BKB12_207,RBB11_255,BKB,RBB,0.0
RBB13_61,BKB12_146,RBB,BKB,0.0
RBB11_2,RBB11_35,RBB,RBB,1.0
LPL11_226,LPL11_72,LPL,LPL,1.0
RBB11_53,RBB13_154,RBB,RBB,1.0
RBB13_60,RBB11_255,RBB,RBB,1.0
LPL11_344,LPL11_82,LPL,LPL,1.0
RBB13_148,RBB11_72,RBB,RBB,1.0
LPL11_84,RBB11_147,LPL,RBB,0.0
RBB11_246,LPL11_234,RBB,LPL,0.0
BKB12_301,RBB11_93,BKB,RBB,0.0
LPL11_347,RBB11_189,LPL,RBB,0.0
BKB12_322,BKB12_203,BKB,BKB,1.0
RBB11_40,RBB13_76,RBB,RBB,1.0
LPL11_306,LPL11_164,LPL,LPL,1.0
RBB13_148,BKB12_11,RBB,BKB,0.0
RBB13_252,BKB12_345,RBB,BKB,0.0
LPL11_275,BKB12_307,LPL,BKB,0.0
RBB13_187,BKB12_112,RBB,BKB,0.0
BKB12_326,RBB11_238,BKB,RBB,0.0
LPL11_140,RBB13_42,LPL,RBB,0.0
RBB13_106,BKB12_217,RBB,BKB,0.0
LPL11_18,LPL11_264,LPL,LPL,1.0
LPL11_187,RBB11_217,LPL,RBB,0.0
RBB11_183,LPL11_15,RBB,LPL,0.0
LPL11_325,LPL11_18,LPL,LPL,1.0
LPL11_300,LPL11_219,LPL,LPL,1.0
LPL11_346,RBB13_126,LPL,RBB,0.0
BKB12_46,LPL11_242,BKB,LPL,0.0
RBB13_309,RBB13_259,RBB,RBB,1.0
RBB11_187,BKB12_48,RBB,BKB,0.0
RBB11_191,BKB12_0,RBB,BKB,0.0
RBB13_322,RBB11_203,RBB,RBB,1.0
RBB13_17,LPL11_13,RBB,LPL,0.0
LPL11_165,LPL11_40,LPL,LPL,1.0
LPL11_327,RBB13_48,LPL,RBB,0.0
RBB13_159,LPL11_302,RBB,LPL,0.0
BKB12_272,BKB12_315,BKB,BKB,1.0
LPL11_155,LPL11_130,LPL,LPL,1.0
BKB12_137,BKB12_5,BKB,BKB,1.0
RBB11_165,BKB12_65,RBB,BKB,0.0
RBB13_45,RBB11_117,RBB,RBB,1.0
RBB13_139,RBB13_354,RBB,RBB,1.0
BKB12_27,BKB12_113,BKB,BKB,1.0
RBB11_132,RBB13_167,RBB,RBB,1.0
RBB13_288,RBB11_105,RBB,RBB,1.0
LPL11_33,LPL11_49,LPL,LPL,1.0
RBB13_6,BKB12_209,RBB,BKB,0.0
RBB13_357,LPL11_317,RBB,LPL,0.0
RBB13_226,RBB13_244,RBB,RBB,1.0
RBB11_42,RBB11_133,RBB,RBB,1.0
BKB12_194,RBB13_121,BKB,RBB,0.0
LPL11_12,LPL11_384,LPL,LPL,1.0
RBB11_208,RBB11_7,RBB,RBB,1.0
RBB11_236,BKB12_336,RBB,BKB,0.0
RBB11_229,LPL11_261,RBB,LPL,0.0
BKB12_304,RBB13_8,BKB,RBB,0.0
RBB13_53,RBB11_59,RBB,RBB,1.0
RBB11_23,RBB11_310,RBB,RBB,1.0
BKB12_10,RBB13_192,BKB,RBB,0.0
BKB12_144,BKB12_165,BKB,BKB,1.0
RBB13_169,RBB13_166,RBB,RBB,1.0
LPL11_255,RBB11_211,LPL,RBB,0.0
LPL11_227,RBB11_219,LPL,RBB,0.0
BKB12_19,BKB12_10,BKB,BKB,1.0
RBB11_240,LPL11_224,RBB,LPL,0.0
RBB13_357,RBB11_94,RBB,RBB,1.0
RBB11_14,RBB13_68,RBB,RBB,1.0
RBB11_294,LPL11_309,RBB,LPL,0.0
RBB13_103,RBB11_280,RBB,RBB,1.0
BKB12_16,RBB11_180,BKB,RBB,0.0
RBB13_14,RBB13_16,RBB,RBB,1.0
RBB13_186,RBB11_122,RBB,RBB,1.0
RBB13_286,RBB13_283,RBB,RBB,1.0
BKB12_173,RBB11_270,BKB,RBB,0.0
RBB11_93,BKB12_270,RBB,BKB,0.0
LPL11_12,RBB13_264,LPL,RBB,0.0
RBB11_270,RBB11_104,RBB,RBB,1.0
LPL11_88,LPL11_350,LPL,LPL,1.0
RBB13_33,LPL11_47,RBB,LPL,0.0
RBB13_308,LPL11_263,RBB,LPL,0.0
RBB11_183,RBB13_102,RBB,RBB,1.0
LPL11_186,RBB11_57,LPL,RBB,0.0
LPL11_177,LPL11_168,LPL,LPL,1.0
LPL11_318,RBB11_145,LPL,RBB,0.0
LPL11_108,RBB11_245,LPL,RBB,0.0
LPL11_331,RBB11_178,LPL,RBB,0.0
RBB11_327,BKB12_317,RBB,BKB,0.0
RBB11_104,RBB13_138,RBB,RBB,1.0
LPL11_334,RBB11_65,LPL,RBB,0.0
BKB12_240,RBB13_96,BKB,RBB,0.0
RBB13_326,RBB13_11,RBB,RBB,1.0
BKB12_238,LPL11_96,BKB,LPL,0.0
RBB11_43,RBB13_85,RBB,RBB,1.0
LPL11_145,RBB13_316,LPL,RBB,0.0
BKB12_35,RBB11_210,BKB,RBB,0.0
RBB11_122,RBB13_313,RBB,RBB,1.0
RBB11_129,BKB12_147,RBB,BKB,0.0
LPL11_47,LPL11_0,LPL,LPL,1.0
RBB13_359,LPL11_160,RBB,LPL,0.0
RBB11_245,RBB11_87,RBB,RBB,1.0
RBB13_153,LPL11_82,RBB,LPL,0.0
BKB12_232,RBB13_38,BKB,RBB,0.0
RBB11_117,RBB11_119,RBB,RBB,1.0
LPL11_179,RBB13_333,LPL,RBB,0.0
BKB12_0,BKB12_25,BKB,BKB,1.0
BKB12_284,RBB13_61,BKB,RBB,0.0
RBB13_17,RBB13_36,RBB,RBB,1.0
RBB11_69,LPL11_173,RBB,LPL,0.0
RBB11_107,LPL11_368,RBB,LPL,0.0
LPL11_60,LPL11_93,LPL,LPL,1.0
RBB13_32,BKB12_303,RBB,BKB,0.0
BKB12_257,RBB13_92,BKB,RBB,0.0
RBB11_87,BKB12_346,RBB,BKB,0.0
RBB13_204,LPL11_361,RBB,LPL,0.0
BKB12_138,BKB12_189,BKB,BKB,1.0
BKB12_281,BKB12_348,BKB,BKB,1.0
LPL11_197,RBB13_276,LPL,RBB,0.0
LPL11_61,RBB13_144,LPL,RBB,0.0
RBB13_283,RBB11_33,RBB,RBB,1.0
BKB12_303,BKB12_174,BKB,BKB,1.0
LPL11_356,RBB13_339,LPL,RBB,0.0
BKB12_150,BKB12_313,BKB,BKB,1.0
LPL11_189,LPL11_5,LPL,LPL,1.0
RBB13_100,BKB12_237,RBB,BKB,0.0
RBB11_57,RBB11_285,RBB,RBB,1.0
BKB12_248,BKB12_226,BKB,BKB,1.0
RBB13_291,BKB12_362,RBB,BKB,0.0
RBB11_173,RBB13_131,RBB,RBB,1.0
BKB12_163,BKB12_144,BKB,BKB,1.0
BKB12_341,BKB12_257,BKB,BKB,1.0
RBB11_281,LPL11_204,RBB,LPL,0.0
RBB11_48,RBB13_50,RBB,RBB,1.0
LPL11_298,LPL11_377,LPL,LPL,1.0
RBB13_324,RBB11_222,RBB,RBB,1.0
RBB13_190,RBB13_341,RBB,RBB,1.0
RBB13_347,LPL11_316,RBB,LPL,0.0
BKB12_8,BKB12_367,BKB,BKB,1.0
RBB11_239,BKB12_313,RBB,BKB,0.0
LPL11_256,LPL11_156,LPL,LPL,1.0
LPL11_213,LPL11_301,LPL,LPL,1.0
RBB13_222,BKB12_262,RBB,BKB,0.0
RBB13_34,LPL11_314,RBB,LPL,0.0
RBB13_339,RBB13_182,RBB,RBB,1.0
BKB12_225,BKB12_184,BKB,BKB,1.0
RBB13_230,LPL11_369,RBB,LPL,0.0
RBB11_80,RBB11_229,RBB,RBB,1.0
RBB11_145,RBB13_17,RBB,RBB,1.0
RBB13_349,BKB12_221,RBB,BKB,0.0
LPL11_270,RBB11_284,LPL,RBB,0.0
BKB12_153,BKB12_141,BKB,BKB,1.0
LPL11_242,LPL11_103,LPL,LPL,1.0
LPL11_183,LPL11_78,LPL,LPL,1.0
RBB13_342,RBB11_25,RBB,RBB,1.0
RBB11_69,RBB11_149,RBB,RBB,1.0
RBB11_344,LPL11_266,RBB,LPL,0.0
RBB11_293,RBB11_23,RBB,RBB,1.0
RBB13_272,RBB11_234,RBB,RBB,1.0
RBB11_70,LPL11_380,RBB,LPL,0.0
RBB13_5,BKB12_357,RBB,BKB,0.0
RBB11_347,RBB13_83,RBB,RBB,1.0
LPL11_346,LPL11_87,LPL,LPL,1.0
RBB11_317,RBB13_359,RBB,RBB,1.0
BKB12_87,BKB12_91,BKB,BKB,1.0
BKB12_115,BKB12_247,BKB,BKB,1.0
RBB11_175,LPL11_275,RBB,LPL,0.0
LPL11_96,LPL11_175,LPL,LPL,1.0
RBB13_225,BKB12_187,RBB,BKB,0.0
LPL11_133,RBB11_185,LPL,RBB,0.0
RBB11_326,BKB12_277,RBB,BKB,0.0
RBB11_313,BKB12_245,RBB,BKB,0.0
RBB11_126,BKB12_92,RBB,BKB,0.0
RBB13_129,BKB12_242,RBB,BKB,0.0
RBB11_282,LPL11_0,RBB,LPL,0.0
LPL11_373,RBB13_149,LPL,RBB,0.0
LPL11_142,RBB11_334,LPL,RBB,0.0
RBB13_175,RBB13_304,RBB,RBB,1.0
RBB11_334,LPL11_166,RBB,LPL,0.0
RBB13_239,BKB12_203,RBB,BKB,0.0
RBB13_216,RBB13_104,RBB,RBB,1.0
BKB12_88,BKB12_70,BKB,BKB,1.0
RBB13_6,RBB13_245,RBB,RBB,1.0
RBB11_237,RBB11_303,RBB,RBB,1.0
RBB13_82,LPL11_135,RBB,LPL,0.0
RBB13_274,BKB12_113,RBB,BKB,0.0
LPL11_81,RBB11_8,LPL,RBB,0.0
LPL11_216,LPL11_258,LPL,LPL,1.0
LPL11_66,LPL11_125,LPL,LPL,1.0
RBB13_198,BKB12_238,RBB,BKB,0.0
RBB13_42,RBB11_180,RBB,RBB,1.0
RBB11_26,RBB11_191,RBB,RBB,1.0
RBB11_144,RBB11_197,RBB,RBB,1.0
RBB11_166,LPL11_157,RBB,LPL,0.0
BKB12_210,BKB12_153,BKB,BKB,1.0
RBB13_233,BKB12_210,RBB,BKB,0.0
LPL11_146,LPL11_309,LPL,LPL,1.0
BKB12_319,RBB13_35,BKB,RBB,0.0
LPL11_284,RBB13_123,LPL,RBB,0.0
RBB13_293,LPL11_370,RBB,LPL,0.0
RBB13_146,LPL11_319,RBB,LPL,0.0
LPL11_371,BKB12_272,LPL,BKB,0.0
RBB13_209,RBB13_144,RBB,RBB,1.0
RBB11_125,RBB13_90,RBB,RBB,1.0
RBB11_98,BKB12_247,RBB,BKB,0.0
LPL11_355,LPL11_221,LPL,LPL,1.0
RBB11_274,BKB12_76,RBB,BKB,0.0
RBB11_41,RBB11_259,RBB,RBB,1.0
RBB11_100,LPL11_127,RBB,LPL,0.0
BKB12_141,RBB13_293,BKB,RBB,0.0
RBB11_20,LPL11_343,RBB,LPL,0.0
LPL11_312,LPL11_53,LPL,LPL,1.0
RBB13_341,LPL11_222,RBB,LPL,0.0
BKB12_29,BKB12_97,BKB,BKB,1.0
RBB13_276,BKB12_240,RBB,BKB,0.0
BKB12_201,BKB12_43,BKB,BKB,1.0
BKB12_236,RBB11_133,BKB,RBB,0.0
LPL11_338,RBB11_293,LPL,RBB,0.0
RBB13_122,RBB13_348,RBB,RBB,1.0
BKB12_7,BKB12_248,BKB,BKB,1.0
RBB13_325,LPL11_58,RBB,LPL,0.0
BKB12_318,BKB12_300,BKB,BKB,1.0
RBB11_139,BKB12_25,RBB,BKB,0.0
RBB13_155,RBB13_159,RBB,RBB,1.0
BKB12_208,RBB13_199,BKB,RBB,0.0
RBB11_93,RBB13_176,RBB,RBB,1.0
RBB11_106,BKB12_308,RBB,BKB,0.0
RBB11_235,RBB11_316,RBB,RBB,1.0
BKB12_364,RBB11_264,BKB,RBB,0.0
RBB13_127,RBB11_85,RBB,RBB,1.0
RBB11_326,RBB13_6,RBB,RBB,1.0
LPL11_94,RBB13_17,LPL,RBB,0.0
RBB11_220,RBB13_327,RBB,RBB,1.0
RBB13_3,LPL11_146,RBB,LPL,0.0
BKB12_316,RBB11_165,BKB,RBB,0.0
LPL11_16,RBB13_25,LPL,RBB,0.0
BKB12_364,BKB12_308,BKB,BKB,1.0
LPL11_250,RBB11_48,LPL,RBB,0.0
LPL11_197,LPL11_183,LPL,LPL,1.0
BKB12_12,BKB12_304,BKB,BKB,1.0
RBB11_141,RBB13_288,RBB,RBB,1.0
LPL11_166,RBB11_117,LPL,RBB,0.0
RBB11_159,BKB12_13,RBB,BKB,0.0
BKB12_48,RBB13_250,BKB,RBB,0.0
RBB11_66,BKB12_193,RBB,BKB,0.0
RBB13_325,RBB13_305,RBB,RBB,1.0
RBB11_249,BKB12_236,RBB,BKB,0.0
BKB12_208,BKB12_191,BKB,BKB,1.0
LPL11_63,LPL11_340,LPL,LPL,1.0
RBB11_244,BKB12_337,RBB,BKB,0.0
RBB11_115,BKB12_141,RBB,BKB,0.0
BKB12_117,BKB12_299,BKB,BKB,1.0
BKB12_172,BKB12_255,BKB,BKB,1.0
BKB12_357,BKB12_123,BKB,BKB,1.0
RBB11_193,RBB13_301,RBB,RBB,1.0
RBB11_76,LPL11_327,RBB,LPL,0.0
RBB13_185,LPL11_76,RBB,LPL,0.0
RBB13_121,BKB12_47,RBB,BKB,0.0
BKB12_327,BKB12_155,BKB,BKB,1.0
RBB13_16,RBB11_216,RBB,RBB,1.0
BKB12_32,RBB11_209,BKB,RBB,0.0
BKB12_112,RBB11_299,BKB,RBB,0.0
RBB11_320,BKB12_44,RBB,BKB,0.0
RBB13_236,RBB13_291,RBB,RBB,1.0
RBB13_90,BKB12_225,RBB,BKB,0.0
BKB12_94,RBB13_313,BKB,RBB,0.0
RBB13_251,LPL11_272,RBB,LPL,0.0
LPL11_258,LPL11_314,LPL,LPL,1.0
BKB12_369,BKB12_158,BKB,BKB,1.0
RBB11_33,RBB11_244,RBB,RBB,1.0
BKB12_65,BKB12_63,BKB,BKB,1.0
RBB11_59,LPL11_315,RBB,LPL,0.0
BKB12_221,RBB13_70,BKB,RBB,0.0
RBB11_99,RBB11_112,RBB,RBB,1.0
LPL11_11,LPL11_37,LPL,LPL,1.0
RBB13_50,LPL11_81,RBB,LPL,0.0
RBB13_286,BKB12_63,RBB,BKB,0.0
RBB13_345,BKB12_115,RBB,BKB,0.0
BKB12_256,RBB11_304,BKB,RBB,0.0
LPL11_361,LPL11_326,LPL,LPL,1.0
LPL11_342,RBB13_45,LPL,RBB,0.0
RBB11_235,BKB12_246,RBB,BKB,0.0
RBB13_12,BKB12_87,RBB,BKB,0.0
RBB13_131,LPL11_97,RBB,LPL,0.0
BKB12_72,BKB12_362,BKB,BKB,1.0
RBB13_184,RBB13_233,RBB,RBB,1.0
LPL11_205,RBB11_197,LPL,RBB,0.0
BKB12_155,BKB12_242,BKB,BKB,1.0
RBB13_318,BKB12_88,RBB,BKB,0.0
LPL11_230,LPL11_116,LPL,LPL,1.0
BKB12_18,RBB13_242,BKB,RBB,0.0
BKB12_321,BKB12_246,BKB,BKB,1.0
LPL11_198,RBB13_72,LPL,RBB,0.0
RBB11_350,LPL11_12,RBB,LPL,0.0
BKB12_173,BKB12_27,BKB,BKB,1.0
BKB12_180,RBB11_347,BKB,RBB,0.0
LPL11_372,LPL11_182,LPL,LPL,1.0
RBB13_284,RBB11_209,RBB,RBB,1.0
RBB13_336,BKB12_361,RBB,BKB,0.0
LPL11_112,RBB11_236,LPL,RBB,0.0
BKB12_4,BKB12_159,BKB,BKB,1.0
LPL11_40,LPL11_369,LPL,LPL,1.0
BKB12_341,RBB11_240,BKB,RBB,0.0
LPL11_347,LPL11_292,LPL,LPL,1.0
LPL11_29,RBB11_0,LPL,RBB,0.0
BKB12_98,RBB13_310,BKB,RBB,0.0
RBB13_305,LPL11_156,RBB,LPL,0.0
RBB13_136,RBB11_215,RBB,RBB,1.0
RBB13_239,RBB13_142,RBB,RBB,1.0
RBB11_153,LPL11_121,RBB,LPL,0.0
LPL11_148,LPL11_312,LPL,LPL,1.0
BKB12_58,BKB12_232,BKB,BKB,1.0
RBB13_142,LPL11_33,RBB,LPL,0.0
BKB12_184,BKB12_164,BKB,BKB,1.0
LPL11_331,LPL11_85,LPL,LPL,1.0
BKB12_168,RBB13_221,BKB,RBB,0.0
RBB11_203,RBB11_61,RBB,RBB,1.0
BKB12_228,BKB12_290,BKB,BKB,1.0
RBB11_94,RBB11_1,RBB,RBB,1.0
RBB13_347,RBB13_330,RBB,RBB,1.0
LPL11_329,LPL11_1,LPL,LPL,1.0
RBB11_45,RBB11_26,RBB,RBB,1.0
BKB12_321,LPL11_77,BKB,LPL,0.0
RBB11_337,BKB12_101,RBB,BKB,0.0
RBB11_310,BKB12_267,RBB,BKB,0.0
LPL11_80,LPL11_272,LPL,LPL,1.0
RBB13_164,RBB11_265,RBB,RBB,1.0
BKB12_97,BKB12_340,BKB,BKB,1.0
RBB11_119,RBB11_233,RBB,RBB,1.0
RBB13_246,RBB11_238,RBB,RBB,1.0
LPL11_189,RBB13_357,LPL,RBB,0.0
RBB13_135,BKB12_95,RBB,BKB,0.0
BKB12_48,BKB12_252,BKB,BKB,1.0
RBB13_187,RBB13_199,RBB,RBB,1.0
LPL11_303,LPL11_173,LPL,LPL,1.0
BKB12_262,RBB13_226,BKB,RBB,0.0
BKB12_266,BKB12_0,BKB,BKB,1.0
BKB12_132,RBB11_114,BKB,RBB,0.0
LPL11_137,LPL11_80,LPL,LPL,1.0
RBB13_122,LPL11_259,RBB,LPL,0.0
RBB13_311,RBB13_248,RBB,RBB,1.0
RBB13_153,RBB11_107,RBB,RBB,1.0
BKB12_65,RBB13_34,BKB,RBB,0.0
RBB13_133,LPL11_312,RBB,LPL,0.0
RBB13_149,RBB11_267,RBB,RBB,1.0
RBB11_25,BKB12_316,RBB,BKB,0.0
RBB13_36,RBB13_262,RBB,RBB,1.0
LPL11_7,RBB13_288,LPL,RBB,0.0
RBB13_305,RBB13_45,RBB,RBB,1.0
LPL11_135,RBB13_184,LPL,RBB,0.0
RBB11_334,RBB11_287,RBB,RBB,1.0
RBB13_329,BKB12_163,RBB,BKB,0.0
LPL11_170,LPL11_140,LPL,LPL,1.0
RBB13_92,RBB11_257,RBB,RBB,1.0
BKB12_146,RBB11_257,BKB,RBB,0.0
RBB11_24,RBB13_37,RBB,RBB,1.0
RBB11_180,LPL11_196,RBB,LPL,0.0
RBB11_340,LPL11_29,RBB,LPL,0.0
BKB12_193,BKB12_160,BKB,BKB,1.0
RBB13_315,BKB12_75,RBB,BKB,0.0
RBB13_225,RBB13_239,RBB,RBB,1.0
LPL11_53,RBB11_33,LPL,RBB,0.0
BKB12_25,BKB12_319,BKB,BKB,1.0
RBB11_31,RBB13_265,RBB,RBB,1.0
RBB13_205,LPL11_223,RBB,LPL,0.0
BKB12_47,BKB12_330,BKB,BKB,1.0
LPL11_0,BKB12_137,LPL,BKB,0.0
LPL11_219,LPL11_334,LPL,LPL,1.0
BKB12_90,BKB12_217,BKB,BKB,1.0
LPL11_208,LPL11_197,LPL,LPL,1.0
RBB13_54,RBB11_321,RBB,RBB,1.0
LPL11_175,RBB13_157,LPL,RBB,0.0
RBB13_29,RBB11_134,RBB,RBB,1.0
LPL11_286,BKB12_204,LPL,BKB,0.0
RBB13_35,LPL11_318,RBB,LPL,0.0
LPL11_306,RBB11_205,LPL,RBB,0.0
RBB11_59,RBB13_320,RBB,RBB,1.0
RBB13_165,RBB13_324,RBB,RBB,1.0
LPL11_271,BKB12_166,LPL,BKB,0.0
LPL11_24,RBB11_248,LPL,RBB,0.0
BKB12_160,RBB13_215,BKB,RBB,0.0
BKB12_129,BKB12_294,BKB,BKB,1.0
BKB12_43,BKB12_73,BKB,BKB,1.0
RBB11_253,RBB11_161,RBB,RBB,1.0
BKB12_67,RBB11_106,BKB,RBB,0.0
RBB13_172,BKB12_142,RBB,BKB,0.0
RBB11_144,BKB12_350,RBB,BKB,0.0
BKB12_189,BKB12_222,BKB,BKB,1.0
BKB12_146,BKB12_303,BKB,BKB,1.0
RBB11_328,LPL11_352,RBB,LPL,0.0
BKB12_97,RBB13_301,BKB,RBB,0.0
BKB12_5,RBB11_204,BKB,RBB,0.0
RBB13_331,RBB11_43,RBB,RBB,1.0
LPL11_316,RBB13_106,LPL,RBB,0.0
BKB12_330,LPL11_258,BKB,LPL,0.0
RBB11_315,BKB12_315,RBB,BKB,0.0
BKB12_11,BKB12_209,BKB,BKB,1.0
BKB12_142,BKB12_66,BKB,BKB,1.0
RBB13_132,RBB11_0,RBB,RBB,1.0
BKB12_4,RBB13_309,BKB,RBB,0.0
RBB11_105,LPL11_216,RBB,LPL,0.0
RBB13_182,LPL11_297,RBB,LPL,0.0
RBB13_307,RBB13_306,RBB,RBB,1.0
RBB13_319,BKB12_321,RBB,BKB,0.0
BKB12_164,BKB12_24,BKB,BKB,1.0
RBB11_62,LPL11_148,RBB,LPL,0.0
RBB11_107,RBB13_299,RBB,RBB,1.0
BKB12_79,BKB12_11,BKB,BKB,1.0
BKB12_316,BKB12_117,BKB,BKB,1.0
BKB12_253,RBB11_223,BKB,RBB,0.0
LPL11_30,LPL11_107,LPL,LPL,1.0
LPL11_118,RBB11_208,LPL,RBB,0.0
LPL11_303,RBB11_7,LPL,RBB,0.0
BKB12_169,BKB12_193,BKB,BKB,1.0
LPL11_93,LPL11_91,LPL,LPL,1.0
RBB13_93,LPL11_64,RBB,LPL,0.0
LPL11_137,RBB13_190,LPL,RBB,0.0
RBB11_290,RBB13_274,RBB,RBB,1.0
RBB13_320,LPL11_324,RBB,LPL,0.0
RBB13_28,BKB12_343,RBB,BKB,0.0
BKB12_200,BKB12_13,BKB,BKB,1.0
RBB11_268,BKB12_66,RBB,BKB,0.0
BKB12_290,RBB13_348,BKB,RBB,0.0
BKB12_226,RBB11_315,BKB,RBB,0.0
LPL11_255,LPL11_333,LPL,LPL,1.0
RBB11_139,RBB11_143,RBB,RBB,1.0
RBB13_33,RBB13_123,RBB,RBB,1.0
LPL11_92,RBB13_244,LPL,RBB,0.0
RBB11_205,LPL11_191,RBB,LPL,0.0
RBB11_124,LPL11_84,RBB,LPL,0.0
LPL11_61,LPL11_186,LPL,LPL,1.0
RBB13_106,RBB11_315,RBB,RBB,1.0
RBB13_40,RBB13_246,RBB,RBB,1.0
RBB13_95,BKB12_355,RBB,BKB,0.0
RBB11_128,BKB12_79,RBB,BKB,0.0
RBB11_314,LPL11_384,RBB,LPL,0.0
RBB11_101,RBB13_251,RBB,RBB,1.0
LPL11_196,RBB11_21,LPL,RBB,0.0
LPL11_1,RBB11_321,LPL,RBB,0.0
BKB12_337,BKB12_223,BKB,BKB,1.0
LPL11_191,LPL11_289,LPL,LPL,1.0
RBB13_265,LPL11_23,RBB,LPL,0.0
BKB12_63,RBB13_223,BKB,RBB,0.0
RBB11_189,LPL11_304,RBB,LPL,0.0
RBB11_0,RBB11_27,RBB,RBB,1.0
BKB12_147,BKB12_103,BKB,BKB,1.0
LPL11_6,LPL11_58,LPL,LPL,1.0
RBB13_7,RBB11_252,RBB,RBB,1.0
RBB13_227,RBB13_23,RBB,RBB,1.0
RBB13_279,RBB11_249,RBB,RBB,1.0
LPL11_369,LPL11_355,LPL,LPL,1.0
BKB12_217,RBB13_227,BKB,RBB,0.0
RBB13_154,BKB12_369,RBB,BKB,0.0
BKB12_224,RBB13_135,BKB,RBB,0.0
LPL11_24,LPL11_108,LPL,LPL,1.0
RBB11_172,BKB12_5,RBB,BKB,0.0
BKB12_107,RBB11_281,BKB,RBB,0.0
RBB13_175,BKB12_330,RBB,BKB,0.0
LPL11_80,RBB13_169,LPL,RBB,0.0
RBB11_148,RBB11_40,RBB,RBB,1.0
RBB13_296,BKB12_173,RBB,BKB,0.0
RBB13_331,BKB12_150,RBB,BKB,0.0
RBB11_310,RBB13_145,RBB,RBB,1.0
RBB13_21,LPL11_24,RBB,LPL,0.0
BKB12_306,RBB11_333,BKB,RBB,0.0
RBB13_126,RBB11_129,RBB,RBB,1.0
BKB12_245,RBB13_253,BKB,RBB,0.0
RBB11_233,BKB12_29,RBB,BKB,0.0
RBB13_25,LPL11_125,RBB,LPL,0.0
LPL11_209,RBB13_265,LPL,RBB,0.0
LPL11_325,RBB11_71,LPL,RBB,0.0
BKB12_82,BKB12_9,BKB,BKB,1.0
LPL11_37,RBB11_101,LPL,RBB,0.0
RBB11_290,LPL11_208,RBB,LPL,0.0
LPL11_317,BKB12_348,LPL,BKB,0.0
BKB12_268,BKB12_224,BKB,BKB,1.0
RBB13_237,BKB12_64,RBB,BKB,0.0
RBB13_301,LPL11_231,RBB,LPL,0.0
RBB13_292,RBB11_22,RBB,RBB,1.0
BKB12_348,BKB12_133,BKB,BKB,1.0
RBB11_21,RBB11_159,RBB,RBB,1.0
LPL11_32,RBB13_233,LPL,RBB,0.0
RBB11_172,RBB11_185,RBB,RBB,1.0
RBB11_143,BKB12_9,RBB,BKB,0.0
LPL11_121,RBB13_308,LPL,RBB,0.0
LPL11_333,RBB11_128,LPL,RBB,0.0
LPL11_383,LPL11_174,LPL,LPL,1.0
RBB11_141,BKB12_168,RBB,BKB,0.0
BKB12_240,BKB12_163,BKB,BKB,1.0
BKB12_197,RBB11_302,BKB,RBB,0.0
BKB12_153,RBB13_182,BKB,RBB,0.0
BKB12_75,RBB13_345,BKB,RBB,0.0
BKB12_144,RBB11_262,BKB,RBB,0.0
RBB13_157,RBB13_94,RBB,RBB,1.0
RBB11_265,RBB13_222,RBB,RBB,1.0
LPL11_125,LPL11_94,LPL,LPL,1.0
BKB12_300,RBB11_54,BKB,RBB,0.0
RBB11_210,RBB11_276,RBB,RBB,1.0
LPL11_370,LPL11_141,LPL,LPL,1.0
RBB13_72,RBB11_296,RBB,RBB,1.0
RBB13_306,BKB12_117,RBB,BKB,0.0
BKB12_213,BKB12_61,BKB,BKB,1.0
BKB12_88,RBB11_144,BKB,RBB,0.0
LPL11_289,LPL11_286,LPL,LPL,1.0
BKB12_194,BKB12_352,BKB,BKB,1.0
BKB12_181,RBB13_162,BKB,RBB,0.0
RBB11_115,RBB11_41,RBB,RBB,1.0
BKB12_353,RBB11_246,BKB,RBB,0.0
RBB11_84,BKB12_250,RBB,BKB,0.0
RBB13_215,LPL11_61,RBB,LPL,0.0
RBB13_144,RBB11_208,RBB,RBB,1.0
RBB11_71,RBB13_61,RBB,RBB,1.0
BKB12_228,RBB13_10,BKB,RBB,0.0
RBB11_162,LPL11_256,RBB,LPL,0.0
RBB13_166,RBB11_11,RBB,RBB,1.0
RBB11_346,LPL11_142,RBB,LPL,0.0
LPL11_289,RBB11_84,LPL,RBB,0.0
LPL11_227,LPL11_66,LPL,LPL,1.0
RBB13_8,RBB11_77,RBB,RBB,1.0
RBB11_319,RBB13_10,RBB,RBB,1.0
RBB11_237,LPL11_177,RBB,LPL,0.0
RBB13_223,RBB11_230,RBB,RBB,1.0
BKB12_284,BKB12_16,BKB,BKB,1.0
RBB13_50,RBB13_53,RBB,RBB,1.0
LPL11_49,RBB13_277,LPL,RBB,0.0
BKB12_19,LPL11_264,BKB,LPL,0.0
RBB13_100,RBB11_101,RBB,RBB,1.0
RBB13_54,BKB12_181,RBB,BKB,0.0
RBB13_234,RBB13_183,RBB,RBB,1.0
BKB12_145,RBB11_30,BKB,RBB,0.0
LPL11_359,RBB11_268,LPL,RBB,0.0
RBB11_333,BKB12_156,RBB,BKB,0.0
BKB12_0,RBB11_62,BKB,RBB,0.0
RBB13_60,LPL11_189,RBB,LPL,0.0
BKB12_295,BKB12_256,BKB,BKB,1.0
RBB13_332,RBB11_337,RBB,RBB,1.0
RBB11_318,LPL11_55,RBB,LPL,0.0
RBB13_292,LPL11_138,RBB,LPL,0.0
BKB12_70,RBB13_209,BKB,RBB,0.0
RBB13_75,LPL11_11,RBB,LPL,0.0
BKB12_315,BKB12_345,BKB,BKB,1.0
RBB11_276,LPL11_291,RBB,LPL,0.0
BKB12_223,BKB12_146,BKB,BKB,1.0
RBB11_328,RBB11_262,RBB,RBB,1.0
BKB12_281,RBB13_274,BKB,RBB,0.0
LPL11_57,RBB13_132,LPL,RBB,0.0
RBB13_102,RBB13_170,RBB,RBB,1.0
BKB12_82,RBB11_348,BKB,RBB,0.0
RBB11_320,RBB11_263,RBB,RBB,1.0
RBB11_340,RBB11_166,RBB,RBB,1.0
RBB11_275,RBB13_230,RBB,RBB,1.0
RBB13_83,BKB12_207,RBB,BKB,0.0
LPL11_219,RBB13_258,LPL,RBB,0.0
RBB11_347,BKB12_266,RBB,BKB,0.0
RBB13_242,LPL11_159,RBB,LPL,0.0
LPL11_173,LPL11_187,LPL,LPL,1.0
LPL11_48,RBB11_233,LPL,RBB,0.0
RBB13_42,LPL11_286,RBB,LPL,0.0
BKB12_91,RBB13_359,BKB,RBB,0.0
BKB12_99,BKB12_52,BKB,BKB,1.0
BKB12_79,RBB11_27,BKB,RBB,0.0
RBB11_20,RBB11_181,RBB,RBB,1.0
RBB13_279,BKB12_1,RBB,BKB,0.0
LPL11_314,LPL11_262,LPL,LPL,1.0
BKB12_257,BKB12_364,BKB,BKB,1.0
RBB13_291,RBB13_95,RBB,RBB,1.0
LPL11_304,LPL11_50,LPL,LPL,1.0
RBB13_149,LPL11_105,RBB,LPL,0.0
LPL11_72,RBB11_320,LPL,RBB,0.0
RBB11_134,BKB12_51,RBB,BKB,0.0
LPL11_177,RBB13_153,LPL,RBB,0.0
BKB12_150,RBB13_53,BKB,RBB,0.0
RBB11_105,RBB11_30,RBB,RBB,1.0
RBB11_319,LPL11_278,RBB,LPL,0.0
LPL11_193,RBB11_335,LPL,RBB,0.0
LPL11_223,LPL11_127,LPL,LPL,1.0
BKB12_112,BKB12_284,BKB,BKB,1.0
RBB11_137,RBB11_45,RBB,RBB,1.0
RBB13_358,RBB11_318,RBB,RBB,1.0
LPL11_72,LPL11_121,LPL,LPL,1.0
LPL11_241,LPL11_56,LPL,LPL,1.0
LPL11_286,LPL11_142,LPL,LPL,1.0
LPL11_222,RBB13_155,LPL,RBB,0.0
LPL11_159,LPL11_201,LPL,LPL,1.0
BKB12_140,RBB11_222,BKB,RBB,0.0
RBB11_233,RBB11_220,RBB,RBB,1.0
RBB11_215,RBB11_221,RBB,RBB,1.0
LPL11_350,RBB11_172,LPL,RBB,0.0
RBB13_312,LPL11_116,RBB,LPL,0.0
LPL11_205,LPL11_331,LPL,LPL,1.0
RBB11_113,RBB13_12,RBB,RBB,1.0
RBB11_246,RBB13_329,RBB,RBB,1.0
BKB12_6,RBB11_45,BKB,RBB,0.0
RBB13_90,RBB13_147,RBB,RBB,1.0
BKB12_352,RBB11_61,BKB,RBB,0.0
BKB12_247,BKB12_107,BKB,BKB,1.0
RBB13_335,RBB13_93,RBB,RBB,1.0
RBB13_10,RBB13_54,RBB,RBB,1.0
BKB12_172,RBB11_191,BKB,RBB,0.0
RBB11_148,BKB12_230,RBB,BKB,0.0
BKB12_329,BKB12_35,BKB,BKB,1.0
RBB11_33,BKB12_253,RBB,BKB,0.0
RBB13_4,BKB12_190,RBB,BKB,0.0
RBB13_309,LPL11_141,RBB,LPL,0.0
RBB13_81,BKB12_159,RBB,BKB,0.0
BKB12_1,BKB12_341,BKB,BKB,1.0
BKB12_121,RBB11_327,BKB,RBB,0.0
BKB12_73,BKB12_48,BKB,BKB,1.0
BKB12_243,BKB12_263,BKB,BKB,1.0
